DOG_end_local	DOG_end_meta	DOG_from_downstream_gene	DOG_from_upstream_gene	DOG_into_downstream_gene	DOG_length	DOG_overlap_opposite_strand_local:antisense	DOG_overlap_opposite_strand_local:lincRNA	DOG_overlap_opposite_strand_local:miRNA	DOG_overlap_opposite_strand_local:ncRNA	DOG_overlap_opposite_strand_local:piRNA	DOG_overlap_opposite_strand_local:protein_coding	DOG_overlap_opposite_strand_local:pseudogene	DOG_overlap_opposite_strand_local:snRNA	DOG_overlap_opposite_strand_local:snoRNA	DOG_overlap_opposite_strand_local:tRNA	DOG_overlap_opposite_strand_meta:antisense	DOG_overlap_opposite_strand_meta:lincRNA	DOG_overlap_opposite_strand_meta:miRNA	DOG_overlap_opposite_strand_meta:ncRNA	DOG_overlap_opposite_strand_meta:piRNA	DOG_overlap_opposite_strand_meta:protein_coding	DOG_overlap_opposite_strand_meta:pseudogene	DOG_overlap_opposite_strand_meta:snRNA	DOG_overlap_opposite_strand_meta:snoRNA	DOG_overlap_opposite_strand_meta:tRNA	DOG_overlap_same_strand_local:antisense	DOG_overlap_same_strand_local:lincRNA	DOG_overlap_same_strand_local:miRNA	DOG_overlap_same_strand_local:ncRNA	DOG_overlap_same_strand_local:piRNA	DOG_overlap_same_strand_local:protein_coding	DOG_overlap_same_strand_local:pseudogene	DOG_overlap_same_strand_local:rRNA	DOG_overlap_same_strand_local:snRNA	DOG_overlap_same_strand_local:snoRNA	DOG_overlap_same_strand_local:tRNA	DOG_overlap_same_strand_meta:antisense	DOG_overlap_same_strand_meta:lincRNA	DOG_overlap_same_strand_meta:miRNA	DOG_overlap_same_strand_meta:ncRNA	DOG_overlap_same_strand_meta:piRNA	DOG_overlap_same_strand_meta:protein_coding	DOG_overlap_same_strand_meta:pseudogene	DOG_overlap_same_strand_meta:rRNA	DOG_overlap_same_strand_meta:snRNA	DOG_overlap_same_strand_meta:snoRNA	DOG_overlap_same_strand_meta:tRNA	DOG_start_local	DOG_start_meta	POG_into_upstream_gene	TYPE	chr	dot	dot2	end	gene_biotype_name	gene_id	gene_id_name	inside_gene_opposite_strand:antisense	inside_gene_opposite_strand:lincRNA	inside_gene_opposite_strand:miRNA	inside_gene_opposite_strand:ncRNA	inside_gene_opposite_strand:piRNA	inside_gene_opposite_strand:protein_coding	inside_gene_opposite_strand:pseudogene	inside_gene_opposite_strand:snRNA	inside_gene_opposite_strand:snoRNA	inside_gene_opposite_strand:tRNA	inside_gene_same_strand:antisense	inside_gene_same_strand:lincRNA	inside_gene_same_strand:miRNA	inside_gene_same_strand:ncRNA	inside_gene_same_strand:piRNA	inside_gene_same_strand:protein_coding	inside_gene_same_strand:pseudogene	inside_gene_same_strand:rRNA	inside_gene_same_strand:snRNA	inside_gene_same_strand:snoRNA	inside_gene_same_strand:tRNA	left_int_length	length	right_int_length	sample_name	source	start	strand	type
16943323	16945719	0	False	True	14100	0.0	0.0	0.0	0	0	0	0	0.0	0.0	0.0	0.0	0.0	0.0	0	0	['WBGene00018711']	0	0.0	0.0	0.0	0.0	0.0	0.0	0.0	0.0	0	0.0	0.0	0.0	0.0	0.0	0.0	0.0	0.0	0	0.0	0	0	0	0	['WBGene00219964']	0.0	16931619	16931619	0	DOG	X	.	.	16931619	ncRNA	gene_id "WBGene00022951"; gene_source "WormBase"; gene_biotype "ncRNA";	WBGene00022951	0	0	0	0	0	0	0	0	0	0	0	0	0	0	0	0	0	0.0	0	0	0	0.0	1705	11704.0	OK80-INP_split	WormBase	16929914	+	gene
15062083	15073050	0	False	True	11900	0.0	0.0	0.0	['WBGene00201398']	0	0	0	0.0	0.0	0.0	0.0	0.0	0.0	['WBGene00201398', 'WBGene00198814', 'WBGene00196396', 'WBGene00195813', 'WBGene00201669']	0	0	0	0.0	0.0	0.0	0.0	0.0	0.0	0.0	0.0	0	0.0	0.0	0.0	0.0	0.0	0.0	0.0	0.0	['WBGene00198657']	0.0	0	0	['WBGene00004512', 'WBGene00004567', 'WBGene00004622', 'WBGene00004513']	0	0	0.0	15061150	15061150	0	DOG	I	.	.	15061150	pseudogene	gene_id "WBGene00004677"; gene_source "WormBase"; gene_biotype "pseudogene";	WBGene00004677	0	0	0	0	0	0	0	0	0	0	0	0	0	0	0	0	0	0.0	0	0	0	0.0	851	933.0	OK80-INP_split	WormBase	15060299	+	gene
15064301	15072736	0	True	True	8900	0.0	0.0	0.0	0	0	0	0	0.0	0.0	0.0	0.0	0.0	0.0	['WBGene00196396', 'WBGene00195813', 'WBGene00201669']	0	0	0	0.0	0.0	0.0	0.0	0.0	0.0	0.0	0.0	0	0.0	0.0	0.0	0.0	0.0	0.0	0.0	0.0	['WBGene00198657']	0.0	0	0	['WBGene00004567', 'WBGene00004622', 'WBGene00004513']	0	0	0.0	15063836	15063836	0	DOG	I	.	.	15063836	rRNA	gene_id "WBGene00004512"; gene_source "WormBase"; gene_biotype "rRNA";	WBGene00004512	0	0	0	['WBGene00198814']	0	0	0	0	0	0	0	0	0	0	0	0	0	0.0	0	0	0	0.0	1753	465.0	OK80-INP_split	WormBase	15062083	+	gene
15064838	15072753	0	True	True	8300	0.0	0.0	0.0	0	0	0	0	0.0	0.0	0.0	0.0	0.0	0.0	['WBGene00196396', 'WBGene00195813', 'WBGene00201669']	0	0	0	0.0	0.0	0.0	0.0	0.0	0.0	0.0	0.0	0	0.0	0.0	0.0	0.0	0.0	0.0	0.0	0.0	['WBGene00198657']	0.0	0	0	['WBGene00004622', 'WBGene00004513']	0	0	0.0	15064453	15064453	0	DOG	I	.	.	15064453	rRNA	gene_id "WBGene00004567"; gene_source "WormBase"; gene_biotype "rRNA";	WBGene00004567	0	0	0	0	0	0	0	0	0	0	0	0	0	0	0	0	0	0.0	0	0	0	0.0	152	385.0	OK80-INP_split	WormBase	15064301	+	gene
5841592	5846061	0	False	True	4700	0.0	0.0	0.0	0	0	0	0	0.0	0.0	0.0	0.0	0.0	0.0	0	0	0	0	0.0	0.0	0.0	0.0	0.0	0.0	0.0	0.0	0	0.0	0.0	0.0	0.0	0.0	0.0	0.0	0.0	0	0.0	['WBGene00004245']	0	0	0	0	0.0	5841361	5841361	0	DOG	X	.	.	5841361	ncRNA	gene_id "WBGene00199258"; gene_source "WormBase"; gene_biotype "ncRNA";	WBGene00199258	0	0	0	0	0	0	0	0	0	0	0	0	0	0	0	0	0	0.0	0	0	0	0.0	176	231.0	OK80-INP_split	WormBase	5841185	+	gene
6836375	6839631	0	False	True	4000	0.0	0.0	0.0	0	0	0	0	0.0	0.0	0.0	0.0	0.0	0.0	0	0	0	0	0.0	0.0	0.0	0.0	0.0	0.0	0.0	0.0	0	0.0	0.0	0.0	0.0	0.0	0.0	0.0	0.0	0	0.0	['WBGene00019322', 'WBGene00001056']	0	0	0	0	0.0	6835631	6835631	0	DOG	I	.	.	6835631	ncRNA	gene_id "WBGene00220000"; gene_source "WormBase"; gene_biotype "ncRNA";	WBGene00220000	0	0	0	0	0	0	0	0	0	0	0	0	0	0	0	0	0	0.0	0	0	0	0.0	125	744.0	OK80-INP_split	WormBase	6835506	+	gene
2351676	2352023	0	False	True	3900	0.0	0.0	0.0	0	0	['WBGene00021222']	0	0.0	0.0	0.0	0.0	0.0	0.0	0	0	['WBGene00021222']	0	0.0	0.0	0.0	0.0	0.0	0.0	0.0	0.0	0	0.0	0.0	0.0	0.0	0.0	0.0	0.0	0.0	0	0.0	['WBGene00021224']	0	0	0	0	0.0	2348123	2348123	0	DOG	V	.	.	2348123	pseudogene	gene_id "WBGene00017496"; gene_source "WormBase"; gene_biotype "pseudogene";	WBGene00017496	0	0	0	0	0	0	0	0	0	0	0	0	0	0	0	0	0	0.0	0	0	0	0.0	2447	3553.0	OK80-INP_split	WormBase	2345676	+	gene
15069280	15072246	0	True	True	3900	0.0	0.0	0.0	['WBGene00196396']	0	0	0	0.0	0.0	0.0	0.0	0.0	0.0	['WBGene00196396', 'WBGene00195813']	0	0	0	0.0	0.0	0.0	0.0	0.0	0.0	0.0	0.0	0	0.0	0.0	0.0	0.0	0.0	0.0	0.0	0.0	0	0.0	0	0	['WBGene00004513']	0	0	0.0	15068346	15068346	0	DOG	I	.	.	15068346	rRNA	gene_id "WBGene00004622"; gene_source "WormBase"; gene_biotype "rRNA";	WBGene00004622	0	0	0	0	0	0	0	0	0	0	0	0	0	0	0	0	0	0.0	0	0	0	0.0	3508	934.0	OK80-INP_split	WormBase	15064838	+	gene
2459637	2460047	0	False	True	3900	0.0	0.0	0.0	0	0	['WBGene00018917']	0	0.0	0.0	0.0	0.0	0.0	0.0	0	0	['WBGene00018917']	0	0.0	0.0	0.0	0.0	0.0	0.0	0.0	0.0	0	0.0	0.0	0.0	0.0	0.0	0.0	0.0	0.0	0	0.0	['WBGene00018910']	0	0	0	0	0.0	2456147	2456147	0	DOG	V	.	.	2456147	protein_coding	gene_id "WBGene00018911"; gene_source "WormBase"; gene_biotype "protein_coding";	WBGene00018911	0	0	0	0	0	0	0	0	0	0	0	0	0	0	0	0	0	0.0	0	0	0	0.0	2733	3490.0	OK80-INP_split	WormBase	2453414	+	gene
5461379	5461516	0	False	True	2000	0.0	0.0	0.0	0	0	0	0	0.0	0.0	0.0	0.0	0.0	0.0	0	0	0	0	0.0	0.0	0.0	0.0	0.0	0.0	0.0	0.0	0	0.0	0.0	0.0	0.0	0.0	0.0	0.0	0.0	0	0.0	['WBGene00018610']	0	0	0	0	0.0	5459516	5459516	0	DOG	III	.	.	5459516	protein_coding	gene_id "WBGene00018611"; gene_source "WormBase"; gene_biotype "protein_coding";	WBGene00018611	0	0	0	0	0	0	0	0	0	0	0	0	0	0	0	0	0	0.0	0	0	0	0.0	5926	1863.0	OK8-J2-1_split	WormBase	5453590	+	gene
17010362	17010362	0	False	False	1900	0.0	0.0	0.0	0	0	0	0	0.0	0.0	0.0	0.0	0.0	0.0	0	0	0	0	0.0	0.0	0.0	0.0	0.0	0.0	0.0	0.0	0	0.0	0.0	0.0	0.0	0.0	0.0	0.0	0.0	0	0.0	0	0	0	0	0	0.0	17008462	17008462	0	DOG	X	.	.	17008462	protein_coding	gene_id "WBGene00019347"; gene_source "WormBase"; gene_biotype "protein_coding";	WBGene00019347	0	0	0	['WBGene00196109', 'WBGene00201081']	0	0	0	0	0	0	0	0	0	['WBGene00201892', 'WBGene00199833']	0	0	0	0.0	0	0	0	0.0	21833	5000.0	OK80-INP_split	WormBase	16986629	+	gene
8853670	8855268	0	False	True	1800	0.0	0.0	0.0	0	0	0	0	0.0	0.0	0.0	0.0	0.0	0.0	0	0	['WBGene00017190']	0	0.0	0.0	0.0	0.0	0.0	0.0	0.0	0.0	0	0.0	0.0	0.0	0.0	0.0	0.0	0.0	0.0	0	0.0	['WBGene00001927']	0	0	0	0	0.0	8853468	8853468	0	DOG	V	.	.	8853468	ncRNA	gene_id "WBGene00196212"; gene_source "WormBase"; gene_biotype "ncRNA";	WBGene00196212	0	0	0	0	0	0	0	0	0	0	0	0	0	0	0	0	0	0.0	0	0	0	0.0	161	202.0	N2-J2-3__split	WormBase	8853307	+	gene
12699346	12699346	0	False	False	1800	0.0	0.0	0.0	0	0	0	0	0.0	0.0	0.0	0.0	0.0	0.0	0	0	0	0	0.0	0.0	0.0	0.0	0.0	0.0	0.0	0.0	0	0.0	0.0	0.0	0.0	0.0	0.0	0.0	0.0	0	0.0	0	0	0	0	0	0.0	12697546	12697546	0	DOG	III	.	.	12697546	protein_coding	gene_id "WBGene00013739"; gene_source "WormBase"; gene_biotype "protein_coding";	WBGene00013739	['WBGene00194854', 'WBGene00194853']	0	0	0	0	0	0	0	0	0	0	0	0	0	0	0	0	0.0	0	0	0	0.0	9228	1948.0	OK8-J2-2_split	WormBase	12688318	+	gene
11072450	11072450	0	False	False	1500	0.0	0.0	0.0	0	0	0	0	0.0	0.0	0.0	0.0	0.0	0.0	0	0	0	0	0.0	0.0	0.0	0.0	0.0	0.0	0.0	0.0	0	0.0	0.0	0.0	0.0	0.0	0.0	0.0	0.0	0	0.0	0	0	0	0	0	0.0	11070950	11070950	0	DOG	IV	.	.	11070950	pseudogene	gene_id "WBGene00012384"; gene_source "WormBase"; gene_biotype "pseudogene";	WBGene00012384	0	0	0	0	0	0	0	0	0	0	0	0	0	0	0	0	0	0.0	0	0	0	0.0	1563	12197.0	N2-J2-3__split	WormBase	11069387	+	gene
11694136	11695337	0	False	True	1500	0.0	0.0	0.0	0	0	0	0	0.0	0.0	0.0	0.0	0.0	0.0	0	0	0	0	0.0	0.0	0.0	0.0	0.0	0.0	0.0	0.0	0	0.0	0.0	0.0	0.0	0.0	0.0	0.0	0.0	['WBGene00206423', 'WBGene00220151']	0.0	0	0	0	0	0	0.0	11693837	11693837	0	DOG	III	.	.	11693837	protein_coding	gene_id "WBGene00000793"; gene_source "WormBase"; gene_biotype "protein_coding";	WBGene00000793	0	0	0	0	0	0	0	0	0	0	0	0	0	['WBGene00220150']	0	0	0	0.0	0	0	0	0.0	36099	299.0	N2WT_INP_split	WormBase	11657738	+	gene
11484826	11486000	0	False	True	1400	0.0	0.0	0.0	0	0	0	0	0.0	0.0	0.0	0.0	0.0	0.0	0	0	0	0	0.0	0.0	0.0	0.0	0.0	0.0	0.0	0.0	0	0.0	0.0	0.0	0.0	0.0	0.0	0.0	0.0	0	0.0	0	0	0	0	['WBGene00220094']	0.0	11484600	11484600	0	DOG	X	.	.	11484600	snoRNA	gene_id "WBGene00220093"; gene_source "WormBase"; gene_biotype "snoRNA";	WBGene00220093	0	0	0	0	0	0	0	0	0	0	0	0	0	0	0	0	0	0.0	0	0	0	0.0	107	226.0	OK80-INP_split	WormBase	11484493	+	gene
9340158	9340158	0	False	False	1300	0.0	0.0	0.0	0	0	['WBGene00019466']	0	0.0	0.0	0.0	0.0	0.0	0.0	0	0	['WBGene00019466']	0	0.0	0.0	0.0	0.0	0.0	0.0	0.0	0.0	0	0.0	0.0	0.0	0.0	0.0	0.0	0.0	0.0	0	0.0	0	0	0	0	0	0.0	9338858	9338858	0	DOG	V	.	.	9338858	protein_coding	gene_id "WBGene00000766"; gene_source "WormBase"; gene_biotype "protein_coding";	WBGene00000766	0	0	0	0	0	0	0	0	0	0	0	0	0	0	0	0	0	0.0	0	0	0	0.0	2096	6914.0	N2WT_INP_split	WormBase	9336762	+	gene
20825	20825	False	0	0	1100	0.0	0.0	0.0	0	0	0	0	0.0	0.0	0.0	0.0	0.0	0.0	0	0	0	0	0.0	0.0	0.0	0.0	0.0	0.0	0.0	0.0	0	0.0	0.0	0.0	0.0	0.0	0.0	0.0	0.0	0	0.0	0	0	0	0	0	0.0	19725	19725	False	POG	V	.	.	43697	protein_coding	gene_id "WBGene00001177"; gene_source "WormBase"; gene_biotype "protein_coding";	WBGene00001177	0	0	0	0	0	0	0	0	0	0	0	0	0	0	['WBGene00169236']	0	0	0.0	0	['WBGene00219784']	0	14193.0	22872	0.0	N2-J2-1__split	WormBase	20825	+	gene
8792847	8793345	0	False	True	1100	0.0	0.0	0.0	0	0	['WBGene00018833']	0	0.0	0.0	0.0	0.0	0.0	0.0	0	0	['WBGene00018833']	0	0.0	0.0	0.0	0.0	0.0	0.0	0.0	0.0	0	0.0	0.0	0.0	0.0	0.0	0.0	0.0	0.0	0	0.0	['WBGene00006975']	0	0	0	0	0.0	8792245	8792245	0	DOG	III	.	.	8792245	protein_coding	gene_id "WBGene00269391"; gene_source "WormBase"; gene_biotype "protein_coding";	WBGene00269391	0	0	0	0	0	0	0	0	0	0	0	0	0	0	0	0	0	0.0	0	0	0	0.0	666	602.0	OK80-INP_split	WormBase	8791579	+	gene
16929167	16930099	0	False	True	1100	0.0	0.0	0.0	0	0	0	0	0.0	0.0	0.0	0.0	0.0	0.0	0	0	0	0	0.0	0.0	0.0	0.0	0.0	0.0	0.0	0.0	0	0.0	0.0	0.0	0.0	0.0	0.0	0.0	0.0	0	0.0	0	['WBGene00014955']	0	0	0	0.0	16928999	16928999	0	DOG	V	.	.	16928999	pseudogene	gene_id "WBGene00014954"; gene_source "WormBase"; gene_biotype "pseudogene";	WBGene00014954	0	0	0	0	0	0	0	0	0	0	0	0	0	0	0	0	0	0.0	0	0	0	0.0	671	168.0	OK80-INP_split	WormBase	16928328	+	gene
14427695	14427695	False	0	0	1000	0.0	0.0	0.0	0	0	0	0	0.0	0.0	0.0	0.0	0.0	0.0	0	0	0	0	0.0	0.0	0.0	0.0	0.0	0.0	0.0	0.0	0	0.0	0.0	0.0	0.0	0.0	0.0	0.0	0.0	0	0.0	0	0	0	0	0	0.0	14426695	14426695	False	POG	IV	.	.	14428464	protein_coding	gene_id "WBGene00010087"; gene_source "WormBase"; gene_biotype "protein_coding";	WBGene00010087	0	0	0	0	['WBGene00166464']	0	0	0	0	0	0	0	0	0	0	0	0	0.0	0	0	0	1836.0	769	0.0	N2-J2-2__split	WormBase	14427695	+	gene
11485924	11485924	0	True	False	1000	0.0	0.0	0.0	0	0	0	0	0.0	0.0	0.0	0.0	0.0	0.0	0	0	0	0	0.0	0.0	0.0	0.0	0.0	0.0	0.0	0.0	0	0.0	0.0	0.0	0.0	0.0	0.0	0.0	0.0	0	0.0	0	0	0	0	0	0.0	11484924	11484924	0	DOG	X	.	.	11484924	snoRNA	gene_id "WBGene00220094"; gene_source "WormBase"; gene_biotype "snoRNA";	WBGene00220094	0	0	0	0	0	0	0	0	0	0	0	0	0	0	0	0	0	0.0	0	0	0	0.0	98	2864.0	N2-J2-2__split	WormBase	11484826	+	gene
10820963	10820963	0	False	False	1000	0.0	0.0	0.0	0	0	0	0	0.0	0.0	0.0	0.0	0.0	0.0	0	0	0	0	0.0	0.0	0.0	0.0	0.0	0.0	0.0	0.0	0	0.0	0.0	0.0	0.0	0.0	0.0	0.0	0.0	0	0.0	0	0	0	0	0	0.0	10819963	10819963	0	DOG	I	.	.	10819963	protein_coding	gene_id "WBGene00016458"; gene_source "WormBase"; gene_biotype "protein_coding";	WBGene00016458	0	0	0	0	0	0	0	0	0	0	0	0	0	0	0	0	0	0.0	0	0	0	0.0	2611	3400.0	OK8-J2-2_split	WormBase	10817352	+	gene
6691986	6692741	0	False	True	900	0.0	0.0	0.0	0	0	0	0	0.0	0.0	0.0	0.0	0.0	0.0	0	0	0	0	0.0	0.0	0.0	0.0	0.0	0.0	0.0	0.0	0	0.0	0.0	0.0	0.0	0.0	0.0	0.0	0.0	['WBGene00219826']	0.0	0	0	0	0	0	0.0	6691841	6691841	0	DOG	II	.	.	6691841	protein_coding	gene_id "WBGene00016002"; gene_source "WormBase"; gene_biotype "protein_coding";	WBGene00016002	0	0	0	0	0	0	0	0	0	0	0	0	0	['WBGene00197105']	0	0	0	0.0	0	0	0	0.0	7605	145.0	OK80-INP_split	WormBase	6684236	+	gene
9122524	9123298	0	False	True	900	0.0	0.0	0.0	0	0	0	0	0.0	0.0	0.0	0.0	0.0	0.0	0	0	['WBGene00014116']	0	0.0	0.0	0.0	0.0	0.0	0.0	0.0	0.0	0	0.0	0.0	0.0	0.0	0.0	0.0	0.0	0.0	0	0.0	0	0	0	0	['WBGene00220246']	0.0	9122398	9122398	0	DOG	I	.	.	9122398	protein_coding	gene_id "WBGene00014115"; gene_source "WormBase"; gene_biotype "protein_coding";	WBGene00014115	0	0	0	0	0	0	0	0	0	0	0	0	0	0	0	0	0	0.0	0	0	0	0.0	4283	126.0	N2-J2-3__split	WormBase	9118115	+	gene
12744829	12744829	0	False	False	900	0.0	0.0	0.0	0	0	0	0	0.0	0.0	0.0	0.0	0.0	0.0	0	0	0	0	0.0	0.0	0.0	0.0	0.0	0.0	0.0	0.0	0	0.0	0.0	0.0	0.0	0.0	0.0	0.0	0.0	0	0.0	0	0	0	0	0	0.0	12743929	12743929	0	DOG	III	.	.	12743929	protein_coding	gene_id "WBGene00007027"; gene_source "WormBase"; gene_biotype "protein_coding";	WBGene00007027	0	0	0	0	0	0	0	0	0	0	0	0	0	0	0	0	0	0.0	0	['WBGene00220229', 'WBGene00220230']	0	0.0	29363	2521.0	OK80-INP_split	WormBase	12714566	+	gene
4398725	4398725	0	False	False	800	0.0	0.0	0.0	0	0	['WBGene00021283']	0	0.0	0.0	0.0	0.0	0.0	0.0	0	0	['WBGene00021283']	0	0.0	0.0	0.0	0.0	0.0	0.0	0.0	0.0	['WBGene00021281']	0.0	0.0	0.0	0.0	0.0	0.0	0.0	0.0	0	0.0	['WBGene00021281']	0	0	0	0	0.0	4397925	4397925	0	DOG	IV	.	.	4397925	ncRNA	gene_id "WBGene00235373"; gene_source "WormBase"; gene_biotype "ncRNA";	WBGene00235373	0	0	0	0	0	0	0	0	0	0	0	0	0	0	0	0	0	0.0	0	0	0	0.0	3515	24414.0	N2-J2-3__split	WormBase	4394410	+	gene
16944317	16944317	0	True	False	800	0.0	0.0	0.0	0	0	0	0	0.0	0.0	0.0	0.0	0.0	0.0	0	0	0	0	0.0	0.0	0.0	0.0	0.0	0.0	0.0	0.0	0	0.0	0.0	0.0	0.0	0.0	0.0	0.0	0.0	0	0.0	0	0	0	0	0	0.0	16943517	16943517	0	DOG	X	.	.	16943517	snoRNA	gene_id "WBGene00219964"; gene_source "WormBase"; gene_biotype "snoRNA";	WBGene00219964	0	0	0	0	0	0	0	0	0	0	0	0	0	0	0	0	0	0.0	0	0	0	0.0	194	20354.0	OK80-INP_split	WormBase	16943323	+	gene
16885191	16885341	0	False	True	800	0.0	0.0	0.0	0	0	0	0	0.0	0.0	0.0	0.0	0.0	0.0	0	0	0	0	0.0	0.0	0.0	0.0	0.0	0.0	0.0	0.0	0	0.0	0.0	0.0	0.0	0.0	0.0	0.0	0.0	0	0.0	['WBGene00021189']	0	0	0	0	0.0	16884541	16884541	0	DOG	X	.	.	16884541	protein_coding	gene_id "WBGene00021188"; gene_source "WormBase"; gene_biotype "protein_coding";	WBGene00021188	0	0	0	0	0	0	0	0	0	0	0	0	0	0	0	0	0	0.0	0	0	0	0.0	868	650.0	N2WT_INP_split	WormBase	16883673	+	gene
16802804	16802804	0	False	False	800	0.0	0.0	0.0	0	0	0	0	0.0	0.0	0.0	0.0	0.0	0.0	0	0	0	0	0.0	0.0	0.0	0.0	0.0	0.0	0.0	0.0	0	0.0	0.0	0.0	0.0	0.0	0.0	0.0	0.0	0	0.0	0	0	0	0	0	0.0	16802004	16802004	0	DOG	V	.	.	16802004	protein_coding	gene_id "WBGene00012316"; gene_source "WormBase"; gene_biotype "protein_coding";	WBGene00012316	0	0	0	0	0	0	0	0	0	0	0	0	0	0	0	0	0	0.0	0	0	0	0.0	7126	870.0	N2-J2-3__split	WormBase	16794878	+	gene
11238451	11238952	0	False	True	700	0.0	0.0	0.0	0	0	0	0	0.0	0.0	0.0	0.0	0.0	0.0	0	0	0	0	0.0	0.0	0.0	0.0	0.0	0.0	0.0	0.0	0	0.0	0.0	0.0	0.0	0.0	0.0	0.0	0.0	['WBGene00220163']	0.0	0	0	0	0	0	0.0	11238252	11238252	0	DOG	III	.	.	11238252	protein_coding	gene_id "WBGene00012928"; gene_source "WormBase"; gene_biotype "protein_coding";	WBGene00012928	0	0	0	0	0	0	0	0	0	0	0	0	0	0	0	0	0	0.0	0	0	0	0.0	1103	199.0	N2-J2-1__split	WormBase	11237149	+	gene
14066870	14066870	0	False	False	700	0.0	0.0	0.0	0	0	0	0	0.0	0.0	0.0	0.0	0.0	0.0	0	0	0	0	0.0	0.0	0.0	0.0	0.0	0.0	0.0	0.0	0	0.0	0.0	0.0	0.0	0.0	0.0	0.0	0.0	0	0.0	0	0	0	0	0	0.0	14066170	14066170	0	DOG	II	.	.	14066170	protein_coding	gene_id "WBGene00002275"; gene_source "WormBase"; gene_biotype "protein_coding";	WBGene00002275	0	0	0	0	0	0	0	0	0	0	0	0	0	0	0	0	0	0.0	0	0	0	0.0	2720	2737.0	OK8-J2-1_split	WormBase	14063450	+	gene
5917638	5917638	0	False	False	700	0.0	0.0	0.0	0	0	['WBGene00016201']	0	0.0	0.0	0.0	0.0	0.0	0.0	0	0	['WBGene00016201']	0	0.0	0.0	0.0	0.0	0.0	0.0	0.0	0.0	0	0.0	0.0	0.0	0.0	0.0	0.0	0.0	0.0	0	0.0	0	0	0	0	0	0.0	5916938	5916938	0	DOG	III	.	.	5916938	ncRNA	gene_id "WBGene00219838"; gene_source "WormBase"; gene_biotype "ncRNA";	WBGene00219838	0	0	0	0	0	0	0	0	0	0	0	0	0	0	0	0	0	0.0	0	0	0	0.0	670	6249.0	OK8-J2-1_split	WormBase	5916268	+	gene
14351207	14351476	0	False	True	700	0.0	0.0	0.0	0	0	0	0	0.0	0.0	0.0	0.0	0.0	0.0	0	0	0	0	0.0	0.0	0.0	0.0	0.0	0.0	0.0	0.0	0	0.0	0.0	0.0	0.0	0.0	0.0	0.0	0.0	0	0.0	['WBGene00013025']	0	0	0	0	0.0	14350776	14350776	0	DOG	V	.	.	14350776	protein_coding	gene_id "WBGene00013024"; gene_source "WormBase"; gene_biotype "protein_coding";	WBGene00013024	['WBGene00194686']	0	0	0	0	0	0	0	0	0	0	0	0	0	0	0	0	0.0	0	0	0	0.0	3045	431.0	OK80-INP_split	WormBase	14347731	+	gene
10415850	10415850	0	False	False	700	0.0	0.0	0.0	0	0	0	0	0.0	0.0	0.0	0.0	0.0	0.0	0	0	0	0	0.0	0.0	0.0	0.0	0.0	0.0	0.0	0.0	0	0.0	0.0	0.0	0.0	0.0	0.0	0.0	0.0	0	0.0	0	0	0	0	0	0.0	10415150	10415150	0	DOG	III	.	.	10415150	protein_coding	gene_id "WBGene00010840"; gene_source "WormBase"; gene_biotype "protein_coding";	WBGene00010840	0	0	0	0	0	['WBGene00044069']	0	0	0	0	0	0	0	0	0	0	0	0.0	0	0	0	0.0	10080	919.0	OK8-J2-1_split	WormBase	10405070	+	gene
996071	996071	0	False	False	700	0.0	0.0	0.0	0	0	['WBGene00043328']	0	0.0	0.0	0.0	0.0	0.0	0.0	0	0	['WBGene00043328']	0	0.0	0.0	0.0	0.0	0.0	0.0	0.0	0.0	0	0.0	0.0	0.0	0.0	0.0	0.0	0.0	0.0	0	0.0	0	0	0	0	0	0.0	995371	995371	0	DOG	II	.	.	995371	protein_coding	gene_id "WBGene00043327"; gene_source "WormBase"; gene_biotype "protein_coding";	WBGene00043327	0	0	0	0	0	0	0	0	0	0	0	0	0	0	0	0	0	0.0	0	0	0	0.0	840	6332.0	N2-J2-2__split	WormBase	994531	+	gene
10855261	10855261	0	False	False	700	0.0	0.0	0.0	0	0	0	0	0.0	0.0	0.0	0.0	0.0	0.0	0	0	0	0	0.0	0.0	0.0	0.0	0.0	0.0	0.0	0.0	0	0.0	0.0	0.0	0.0	0.0	0.0	0.0	0.0	0	0.0	0	0	0	0	0	0.0	10854561	10854561	0	DOG	III	.	.	10854561	protein_coding	gene_id "WBGene00012663"; gene_source "WormBase"; gene_biotype "protein_coding";	WBGene00012663	0	0	0	0	0	0	0	0	0	0	0	0	0	0	0	0	0	0.0	0	0	0	0.0	5339	2215.0	OK80-INP_split	WormBase	10849222	+	gene
2728245	2728245	0	False	False	700	0.0	0.0	0.0	0	0	0	0	0.0	0.0	0.0	0.0	0.0	0.0	0	0	0	0	0.0	0.0	0.0	0.0	0.0	0.0	0.0	0.0	0	0.0	0.0	0.0	0.0	0.0	0.0	0.0	0.0	0	0.0	0	0	0	0	0	0.0	2727545	2727545	0	DOG	I	.	.	2727545	protein_coding	gene_id "WBGene00004920"; gene_source "WormBase"; gene_biotype "protein_coding";	WBGene00004920	0	0	0	0	0	0	0	0	0	0	0	0	0	0	0	0	0	0.0	0	0	0	0.0	531	2459.0	N2-J2-2__split	WormBase	2727014	+	gene
14992898	14993267	0	False	True	600	0.0	0.0	0.0	0	0	0	0	0.0	0.0	0.0	0.0	0.0	0.0	0	0	0	0	0.0	0.0	0.0	0.0	0.0	0.0	0.0	0.0	0	0.0	0.0	0.0	0.0	0.0	0.0	0.0	0.0	0	0.0	['WBGene00013154']	0	0	0	0	0.0	14992667	14992667	0	DOG	II	.	.	14992667	protein_coding	gene_id "WBGene00044726"; gene_source "WormBase"; gene_biotype "protein_coding";	WBGene00044726	0	0	0	0	0	0	0	0	0	0	0	0	0	0	0	0	0	0.0	0	0	0	0.0	4196	231.0	OK8-J2-1_split	WormBase	14988471	+	gene
12387891	12388321	0	False	True	600	0.0	0.0	0.0	0	0	0	0	0.0	0.0	0.0	0.0	0.0	0.0	0	0	0	0	0.0	0.0	0.0	0.0	0.0	0.0	0.0	0.0	0	0.0	0.0	0.0	0.0	0.0	0.0	0.0	0.0	0	0.0	0	['WBGene00014904']	0	0	0	0.0	12387721	12387721	0	DOG	III	.	.	12387721	protein_coding	gene_id "WBGene00194981"; gene_source "WormBase"; gene_biotype "protein_coding";	WBGene00194981	0	0	0	0	0	0	0	0	0	0	0	0	0	0	0	0	0	0.0	0	0	0	0.0	824	170.0	N2WT_INP_split	WormBase	12386897	+	gene
6106126	6106126	0	False	False	600	0.0	0.0	0.0	0	0	0	0	0.0	0.0	0.0	0.0	0.0	0.0	0	0	0	0	0.0	0.0	0.0	0.0	0.0	0.0	0.0	0.0	0	0.0	0.0	0.0	0.0	0.0	0.0	0.0	0.0	0	0.0	0	0	0	0	0	0.0	6105526	6105526	0	DOG	X	.	.	6105526	protein_coding	gene_id "WBGene00015800"; gene_source "WormBase"; gene_biotype "protein_coding";	WBGene00015800	0	0	0	0	0	['WBGene00015805']	0	0	0	0	0	0	0	0	0	0	0	0.0	0	0	0	0.0	4368	10278.0	OK80-INP_split	WormBase	6101158	+	gene
6418647	6418647	0	False	False	600	0.0	0.0	0.0	0	0	['WBGene00020273']	['WBGene00020271']	0.0	0.0	0.0	0.0	0.0	0.0	0	0	['WBGene00020273']	['WBGene00020271']	0.0	0.0	0.0	0.0	0.0	0.0	0.0	0.0	0	0.0	0.0	0.0	0.0	0.0	0.0	0.0	0.0	0	0.0	0	0	0	0	0	0.0	6418047	6418047	0	DOG	V	.	.	6418047	pseudogene	gene_id "WBGene00023341"; gene_source "WormBase"; gene_biotype "pseudogene";	WBGene00023341	0	0	0	0	0	0	0	0	0	0	0	0	0	0	0	0	0	0.0	0	0	0	0.0	72	16083.0	OK8-J2-1_split	WormBase	6417975	+	gene
13772373	13772373	0	False	False	600	0.0	0.0	0.0	0	0	0	0	0.0	0.0	0.0	0.0	0.0	0.0	0	0	0	0	0.0	0.0	0.0	0.0	0.0	0.0	0.0	0.0	0	0.0	0.0	0.0	0.0	0.0	0.0	0.0	0.0	0	0.0	0	0	0	0	0	0.0	13771773	13771773	0	DOG	I	.	.	13771773	protein_coding	gene_id "WBGene00012389"; gene_source "WormBase"; gene_biotype "protein_coding";	WBGene00012389	0	0	0	0	0	0	0	0	0	0	0	0	0	0	0	0	0	0.0	0	0	0	0.0	15043	1294.0	N2-J2-2__split	WormBase	13756730	+	gene
7942594	7942594	0	False	False	600	0.0	0.0	0.0	0	0	0	0	0.0	0.0	0.0	0.0	0.0	0.0	0	0	0	0	0.0	0.0	0.0	0.0	0.0	0.0	0.0	0.0	0	0.0	0.0	0.0	0.0	0.0	0.0	0.0	0.0	0	0.0	0	0	0	0	0	0.0	7941994	7941994	0	DOG	I	.	.	7941994	protein_coding	gene_id "WBGene00011916"; gene_source "WormBase"; gene_biotype "protein_coding";	WBGene00011916	0	0	0	0	0	0	0	0	0	0	0	0	0	0	0	0	0	0.0	0	0	0	0.0	1101	725.0	OK80-INP_split	WormBase	7940893	+	gene
11239159	11239159	0	False	False	600	0.0	0.0	0.0	0	0	0	0	0.0	0.0	0.0	0.0	0.0	0.0	0	0	0	0	0.0	0.0	0.0	0.0	0.0	0.0	0.0	0.0	0	0.0	0.0	0.0	0.0	0.0	0.0	0.0	0.0	0	0.0	0	0	0	0	0	0.0	11238559	11238559	0	DOG	III	.	.	11238559	ncRNA	gene_id "WBGene00220163"; gene_source "WormBase"; gene_biotype "ncRNA";	WBGene00220163	0	0	0	0	0	0	0	0	0	0	0	0	0	0	0	0	0	0.0	0	0	0	0.0	108	6561.0	OK80-INP_split	WormBase	11238451	+	gene
10518891	10518891	0	False	False	500	0.0	0.0	0.0	0	0	0	0	0.0	0.0	0.0	0.0	0.0	0.0	0	0	0	0	0.0	0.0	0.0	0.0	0.0	0.0	0.0	0.0	0	0.0	0.0	0.0	0.0	0.0	0.0	0.0	0.0	0	0.0	0	0	0	0	0	0.0	10518391	10518391	0	DOG	III	.	.	10518391	protein_coding	gene_id "WBGene00009654"; gene_source "WormBase"; gene_biotype "protein_coding";	WBGene00009654	0	0	0	['WBGene00195655']	0	0	0	0	0	0	0	0	0	['WBGene00197722', 'WBGene00202046', 'WBGene00200829']	0	0	0	0.0	0	0	0	0.0	11333	2285.0	OK80-INP_split	WormBase	10507058	+	gene
9123193	9123193	0	True	False	500	0.0	0.0	0.0	0	0	['WBGene00014116']	0	0.0	0.0	0.0	0.0	0.0	0.0	0	0	['WBGene00014116']	0	0.0	0.0	0.0	0.0	0.0	0.0	0.0	0.0	0	0.0	0.0	0.0	0.0	0.0	0.0	0.0	0.0	0	0.0	0	0	0	0	0	0.0	9122693	9122693	0	DOG	I	.	.	9122693	snoRNA	gene_id "WBGene00220246"; gene_source "WormBase"; gene_biotype "snoRNA";	WBGene00220246	0	0	0	0	0	0	0	0	0	0	0	0	0	0	0	0	0	0.0	0	0	0	0.0	169	1971.0	N2WT_INP_split	WormBase	9122524	+	gene
99461	99461	0	False	False	500	0.0	0.0	0.0	0	0	0	0	0.0	0.0	0.0	0.0	0.0	0.0	0	0	0	0	0.0	0.0	0.0	0.0	0.0	0.0	0.0	0.0	0	0.0	0.0	0.0	0.0	0.0	0.0	0.0	0.0	0	0.0	0	0	0	0	0	0.0	98961	98961	0	DOG	II	.	.	98961	protein_coding	gene_id "WBGene00016808"; gene_source "WormBase"; gene_biotype "protein_coding";	WBGene00016808	0	0	0	0	0	0	0	0	0	0	0	0	0	0	0	0	0	0.0	0	0	0	0.0	557	686.0	OK80-INP_split	WormBase	98404	+	gene
6041082	6041082	0	False	False	500	0.0	0.0	0.0	0	0	0	0	0.0	0.0	0.0	0.0	0.0	0.0	0	0	0	0	0.0	0.0	0.0	0.0	0.0	0.0	0.0	0.0	0	0.0	0.0	0.0	0.0	0.0	0.0	0.0	0.0	0	0.0	0	0	0	0	0	0.0	6040582	6040582	0	DOG	V	.	.	6040582	protein_coding	gene_id "WBGene00017930"; gene_source "WormBase"; gene_biotype "protein_coding";	WBGene00017930	0	0	0	0	0	0	0	0	0	0	0	0	0	0	0	0	0	0.0	0	0	0	0.0	1488	2210.0	OK80-INP_split	WormBase	6039094	+	gene
1884139	1884139	0	False	False	500	0.0	0.0	0.0	0	0	0	0	0.0	0.0	0.0	0.0	0.0	0.0	0	0	0	0	0.0	0.0	0.0	0.0	0.0	0.0	0.0	0.0	0	0.0	0.0	0.0	0.0	0.0	0.0	0.0	0.0	0	0.0	0	0	0	0	0	0.0	1883639	1883639	0	DOG	I	.	.	1883639	protein_coding	gene_id "WBGene00022139"; gene_source "WormBase"; gene_biotype "protein_coding";	WBGene00022139	0	0	0	0	0	0	0	0	0	0	0	0	0	0	0	0	0	0.0	0	0	0	0.0	9606	11522.0	N2-J2-2__split	WormBase	1874033	+	gene
11608900	11608900	False	0	0	500	0.0	0.0	0.0	0	0	0	0	0.0	0.0	0.0	0.0	0.0	0.0	0	0	0	0	0.0	0.0	0.0	0.0	0.0	0.0	0.0	0.0	0	0.0	0.0	0.0	0.0	0.0	0.0	0.0	0.0	0	0.0	0	0	0	0	0	0.0	11608400	11608400	False	POG	IV	.	.	11610910	pseudogene	gene_id "WBGene00012498"; gene_source "WormBase"; gene_biotype "pseudogene";	WBGene00012498	0	0	0	0	0	0	0	0	0	0	0	0	0	0	0	0	0	0.0	0	0	0	1443.0	2010	0.0	OK8-J2-2_split	WormBase	11608900	+	gene
10694961	10694961	0	False	False	500	0.0	0.0	0.0	0	0	0	0	0.0	0.0	0.0	0.0	0.0	0.0	0	0	0	0	0.0	0.0	0.0	0.0	0.0	0.0	0.0	0.0	0	0.0	0.0	0.0	0.0	0.0	0.0	0.0	0.0	0	0.0	0	0	0	0	0	0.0	10694461	10694461	0	DOG	X	.	.	10694461	protein_coding	gene_id "WBGene00008748"; gene_source "WormBase"; gene_biotype "protein_coding";	WBGene00008748	0	0	0	0	0	0	0	0	0	0	0	0	0	0	0	0	0	0.0	0	0	0	0.0	2518	851.0	OK80-INP_split	WormBase	10691943	+	gene
2531674	2531674	0	False	False	500	0.0	0.0	0.0	0	0	['WBGene00021572']	0	0.0	0.0	0.0	0.0	0.0	0.0	0	0	['WBGene00021572']	0	0.0	0.0	0.0	0.0	0.0	0.0	0.0	0.0	0	0.0	0.0	0.0	0.0	0.0	0.0	0.0	0.0	0	0.0	0	0	0	0	0	0.0	2531174	2531174	0	DOG	V	.	.	2531174	protein_coding	gene_id "WBGene00044131"; gene_source "WormBase"; gene_biotype "protein_coding";	WBGene00044131	0	0	0	0	0	0	0	0	0	0	0	0	0	0	0	0	0	0.0	0	0	0	0.0	1028	8910.0	OK80-INP_split	WormBase	2530146	+	gene
12212706	12212706	0	False	False	500	0.0	0.0	0.0	0	0	0	0	0.0	0.0	0.0	0.0	0.0	0.0	0	0	0	0	0.0	0.0	0.0	0.0	0.0	0.0	0.0	0.0	0	0.0	0.0	0.0	0.0	0.0	0.0	0.0	0.0	0	0.0	0	0	0	0	0	0.0	12212206	12212206	0	DOG	I	.	.	12212206	protein_coding	gene_id "WBGene00007602"; gene_source "WormBase"; gene_biotype "protein_coding";	WBGene00007602	0	0	0	0	0	0	0	0	0	0	0	0	0	0	0	0	0	0.0	0	0	0	0.0	5109	903.0	OK80-INP_split	WormBase	12207097	+	gene
1974382	1974382	0	False	False	500	0.0	0.0	0.0	0	0	0	0	0.0	0.0	0.0	0.0	0.0	0.0	0	0	0	0	0.0	0.0	0.0	0.0	0.0	0.0	0.0	0.0	0	0.0	0.0	0.0	0.0	0.0	0.0	0.0	0.0	0	0.0	0	0	0	0	0	0.0	1973882	1973882	0	DOG	I	.	.	1973882	protein_coding	gene_id "WBGene00021764"; gene_source "WormBase"; gene_biotype "protein_coding";	WBGene00021764	0	0	0	0	0	0	0	0	0	0	0	0	0	0	0	0	0	0.0	0	0	0	0.0	6110	938.0	N2-J2-3__split	WormBase	1967772	+	gene
6596731	6596731	0	False	False	500	0.0	0.0	0.0	0	0	0	0	0.0	0.0	0.0	0.0	0.0	0.0	0	0	0	0	0.0	0.0	0.0	0.0	0.0	0.0	0.0	0.0	0	0.0	0.0	0.0	0.0	0.0	0.0	0.0	0.0	0	0.0	0	0	0	0	0	0.0	6596231	6596231	0	DOG	I	.	.	6596231	protein_coding	gene_id "WBGene00018581"; gene_source "WormBase"; gene_biotype "protein_coding";	WBGene00018581	0	0	0	0	0	0	0	0	0	0	0	0	0	0	0	0	0	0.0	0	0	0	0.0	1911	688.0	OK80-INP_split	WormBase	6594320	+	gene
2423395	2423395	0	False	False	500	0.0	0.0	0.0	0	0	['WBGene00005148']	0	0.0	0.0	0.0	0.0	0.0	0.0	0	0	['WBGene00005148']	0	0.0	0.0	0.0	0.0	0.0	0.0	0.0	0.0	0	0.0	0.0	0.0	0.0	0.0	0.0	0.0	0.0	0	0.0	0	0	0	0	0	0.0	2422895	2422895	0	DOG	V	.	.	2422895	protein_coding	gene_id "WBGene00015731"; gene_source "WormBase"; gene_biotype "protein_coding";	WBGene00015731	0	0	0	0	0	0	0	0	0	0	0	0	0	0	0	0	0	0.0	0	0	0	0.0	1028	8910.0	OK80-INP_split	WormBase	2421867	+	gene
13882734	13883120	0	False	True	500	0.0	0.0	0.0	0	0	0	0	0.0	0.0	0.0	0.0	0.0	0.0	0	0	0	0	0.0	0.0	0.0	0.0	0.0	0.0	0.0	0.0	0	0.0	0.0	0.0	0.0	0.0	0.0	0.0	0.0	0	0.0	['WBGene00007195']	0	0	0	0	0.0	13882620	13882620	0	DOG	IV	.	.	13882620	protein_coding	gene_id "WBGene00004443"; gene_source "WormBase"; gene_biotype "protein_coding";	WBGene00004443	0	0	0	0	0	0	0	0	0	0	0	0	0	0	0	0	0	0.0	0	0	0	0.0	395	114.0	OK80-INP_split	WormBase	13882225	+	gene
2155720	2155720	0	False	False	500	0.0	0.0	0.0	0	0	0	0	0.0	0.0	0.0	0.0	0.0	0.0	0	0	0	0	0.0	0.0	0.0	0.0	0.0	0.0	0.0	0.0	0	0.0	0.0	0.0	0.0	0.0	0.0	0.0	0.0	0	0.0	0	0	0	0	0	0.0	2155220	2155220	0	DOG	II	.	.	2155220	protein_coding	gene_id "WBGene00016544"; gene_source "WormBase"; gene_biotype "protein_coding";	WBGene00016544	0	0	0	0	0	0	0	0	0	0	0	0	0	0	0	0	0	0.0	0	0	0	0.0	1212	11211.0	OK8-J2-2_split	WormBase	2154008	+	gene
6294355	6294355	0	False	False	500	0.0	0.0	0.0	0	0	0	0	0.0	0.0	0.0	0.0	0.0	0.0	0	0	0	0	0.0	0.0	0.0	0.0	0.0	0.0	0.0	0.0	0	0.0	0.0	0.0	0.0	0.0	0.0	0.0	0.0	0	0.0	0	0	0	0	0	0.0	6293855	6293855	0	DOG	I	.	.	6293855	protein_coding	gene_id "WBGene00015686"; gene_source "WormBase"; gene_biotype "protein_coding";	WBGene00015686	0	0	0	0	0	0	0	0	0	0	0	0	0	0	0	0	0	0.0	0	0	0	0.0	4422	1212.0	N2-J2-1__split	WormBase	6289433	+	gene
1497630	1497630	False	0	0	500	0.0	0.0	0.0	0	0	0	0	0.0	0.0	0.0	0.0	0.0	0.0	0	0	0	0	0.0	0.0	0.0	0.0	0.0	0.0	0.0	0.0	0	0.0	0.0	0.0	0.0	0.0	0.0	0.0	0.0	0	0.0	0	0	0	0	0	0.0	1497130	1497130	False	POG	IV	.	.	1509965	protein_coding	gene_id "WBGene00022306"; gene_source "WormBase"; gene_biotype "protein_coding";	WBGene00022306	0	0	0	['WBGene00198503']	0	0	0	0	0	0	0	0	0	0	0	0	0	0.0	0	0	0	7868.0	12335	0.0	N2-J2-1__split	WormBase	1497630	+	gene
2826553	2826553	0	False	False	400	0.0	0.0	0.0	0	0	0	0	0.0	0.0	0.0	0.0	0.0	0.0	0	0	0	0	0.0	0.0	0.0	0.0	0.0	0.0	0.0	0.0	0	0.0	0.0	0.0	0.0	0.0	0.0	0.0	0.0	0	0.0	0	0	0	0	0	0.0	2826153	2826153	0	DOG	III	.	.	2826153	protein_coding	gene_id "WBGene00022167"; gene_source "WormBase"; gene_biotype "protein_coding";	WBGene00022167	0	0	0	0	0	0	0	0	0	0	0	0	0	0	0	0	0	0.0	0	0	0	0.0	6873	917.0	OK8-J2-1_split	WormBase	2819280	+	gene
3256078	3256078	0	False	False	400	0.0	0.0	0.0	0	0	0	0	0.0	0.0	0.0	0.0	0.0	0.0	0	0	0	0	0.0	0.0	0.0	0.0	0.0	0.0	0.0	0.0	0	0.0	0.0	0.0	0.0	0.0	0.0	0.0	0.0	0	0.0	0	0	0	0	0	0.0	3255678	3255678	0	DOG	I	.	.	3255678	protein_coding	gene_id "WBGene00003258"; gene_source "WormBase"; gene_biotype "protein_coding";	WBGene00003258	0	0	0	['WBGene00200442']	0	['WBGene00021834']	0	0	0	0	0	0	0	['WBGene00198001', 'WBGene00199669', 'WBGene00201300', 'WBGene00220179']	0	0	0	0.0	0	0	0	0.0	22287	1011.0	OK8-J2-1_split	WormBase	3233391	+	gene
18052723	18052723	0	False	False	400	0.0	0.0	0.0	0	0	0	0	0.0	0.0	0.0	0.0	0.0	0.0	0	0	0	0	0.0	0.0	0.0	0.0	0.0	0.0	0.0	0.0	0	0.0	0.0	0.0	0.0	0.0	0.0	0.0	0.0	0	0.0	0	0	0	0	0	0.0	18052323	18052323	0	DOG	V	.	.	18052323	protein_coding	gene_id "WBGene00013344"; gene_source "WormBase"; gene_biotype "protein_coding";	WBGene00013344	0	0	0	0	0	0	0	0	0	0	0	0	0	0	0	0	0	0.0	0	0	0	0.0	8752	3646.0	OK80-INP_split	WormBase	18043571	+	gene
850986	850986	0	False	False	400	0.0	0.0	0.0	0	0	0	0	0.0	0.0	0.0	0.0	0.0	0.0	0	0	0	0	0.0	0.0	0.0	0.0	0.0	0.0	0.0	0.0	0	0.0	0.0	0.0	0.0	0.0	0.0	0.0	0.0	0	0.0	0	0	0	0	0	0.0	850586	850586	0	DOG	III	.	.	850586	protein_coding	gene_id "WBGene00019326"; gene_source "WormBase"; gene_biotype "protein_coding";	WBGene00019326	0	0	0	0	0	0	0	0	0	0	0	0	0	0	0	0	0	0.0	0	0	0	0.0	4744	3633.0	N2-J2-3__split	WormBase	845842	+	gene
355802	355802	0	False	False	400	0.0	0.0	0.0	0	0	['WBGene00001561']	0	0.0	0.0	0.0	0.0	0.0	0.0	0	0	['WBGene00001561']	0	0.0	0.0	0.0	0.0	0.0	0.0	0.0	0.0	0	0.0	0.0	0.0	0.0	0.0	0.0	0.0	0.0	0	0.0	0	0	0	0	0	0.0	355402	355402	0	DOG	III	.	.	355402	lincRNA	gene_id "WBGene00219745"; gene_source "WormBase"; gene_biotype "lincRNA";	WBGene00219745	0	0	0	0	0	0	0	0	0	0	0	0	0	0	0	0	0	0.0	0	0	0	0.0	3180	10547.0	N2-J2-3__split	WormBase	352222	+	gene
16222323	16222348	0	False	True	400	0.0	0.0	0.0	0	0	0	0	0.0	0.0	0.0	0.0	0.0	0.0	0	0	0	0	0.0	0.0	0.0	0.0	0.0	0.0	0.0	0.0	0	0.0	0.0	0.0	0.0	0.0	0.0	0.0	0.0	0	0.0	0	['WBGene00005547']	0	0	0	0.0	16221948	16221948	0	DOG	V	.	.	16221948	protein_coding	gene_id "WBGene00001591"; gene_source "WormBase"; gene_biotype "protein_coding";	WBGene00001591	0	0	0	0	0	0	0	0	0	0	0	0	0	0	0	0	0	0.0	0	0	0	0.0	2407	375.0	OK80-INP_split	WormBase	16219541	+	gene
6492402	6492564	0	False	True	400	0.0	0.0	0.0	0	0	0	0	0.0	0.0	0.0	0.0	0.0	0.0	0	0	0	0	0.0	0.0	0.0	0.0	0.0	0.0	0.0	0.0	0	0.0	0.0	0.0	0.0	0.0	0.0	0.0	0.0	0	0.0	['WBGene00020894']	0	0	0	0	0.0	6492164	6492164	0	DOG	II	.	.	6492164	ncRNA	gene_id "WBGene00195728"; gene_source "WormBase"; gene_biotype "ncRNA";	WBGene00195728	0	0	0	0	0	0	0	0	0	0	0	0	0	0	0	0	0	0.0	0	0	0	0.0	228	238.0	OK80-INP_split	WormBase	6491936	+	gene
5951391	5951391	0	False	False	400	0.0	0.0	0.0	0	0	0	0	0.0	0.0	0.0	0.0	0.0	0.0	0	0	0	0	0.0	0.0	0.0	0.0	0.0	0.0	0.0	0.0	0	0.0	0.0	0.0	0.0	0.0	0.0	0.0	0.0	0	0.0	0	0	0	0	0	0.0	5950991	5950991	0	DOG	V	.	.	5950991	protein_coding	gene_id "WBGene00004206"; gene_source "WormBase"; gene_biotype "protein_coding";	WBGene00004206	['WBGene00219717']	0	0	0	0	0	0	0	0	0	0	0	0	0	0	0	0	0.0	0	0	0	0.0	7517	442.0	OK8-J2-3_split	WormBase	5943474	+	gene
10680945	10680945	0	False	False	400	0.0	0.0	0.0	0	0	0	0	0.0	0.0	0.0	0.0	0.0	0.0	0	0	0	0	0.0	0.0	0.0	0.0	0.0	0.0	0.0	0.0	0	0.0	0.0	0.0	0.0	0.0	0.0	0.0	0.0	0	0.0	0	0	0	0	0	0.0	10680545	10680545	0	DOG	V	.	.	10680545	ncRNA	gene_id "WBGene00198242"; gene_source "WormBase"; gene_biotype "ncRNA";	WBGene00198242	0	0	0	0	0	0	0	0	0	0	0	0	0	0	0	0	0	0.0	0	0	0	0.0	136	425.0	OK80-INP_split	WormBase	10680409	+	gene
16223919	16223919	0	False	False	400	0.0	0.0	0.0	0	0	0	0	0.0	0.0	0.0	0.0	0.0	0.0	0	0	0	0	0.0	0.0	0.0	0.0	0.0	0.0	0.0	0.0	0	0.0	0.0	0.0	0.0	0.0	0.0	0.0	0.0	0	0.0	0	0	0	0	0	0.0	16223519	16223519	0	DOG	X	.	.	16223519	protein_coding	gene_id "WBGene00009068"; gene_source "WormBase"; gene_biotype "protein_coding";	WBGene00009068	0	0	0	0	0	0	0	0	0	0	0	0	0	0	0	0	0	0.0	0	0	0	0.0	3509	5944.0	N2-J2-3__split	WormBase	16220010	+	gene
15326	15326	0	False	False	400	0.0	0.0	0.0	0	0	0	0	0.0	0.0	0.0	0.0	0.0	0.0	0	0	0	0	0.0	0.0	0.0	0.0	0.0	0.0	0.0	0.0	0	0.0	0.0	0.0	0.0	0.0	0.0	0.0	0.0	0	0.0	0	0	0	0	0	0.0	14926	14926	0	DOG	IV	.	.	14926	protein_coding	gene_id "WBGene00021406"; gene_source "WormBase"; gene_biotype "protein_coding";	WBGene00021406	0	0	0	0	0	['WBGene00021407']	0	0	0	0	0	0	0	0	0	0	0	0.0	0	0	0	0.0	14231	6567.0	OK80-INP_split	WormBase	695	+	gene
3416324	3416324	0	False	False	400	0.0	0.0	0.0	0	0	0	0	0.0	0.0	0.0	0.0	0.0	0.0	0	0	0	0	0.0	0.0	0.0	0.0	0.0	0.0	0.0	0.0	0	0.0	0.0	0.0	0.0	0.0	0.0	0.0	0.0	0	0.0	0	0	0	0	0	0.0	3415924	3415924	0	DOG	I	.	.	3415924	ncRNA	gene_id "WBGene00220004"; gene_source "WormBase"; gene_biotype "ncRNA";	WBGene00220004	0	0	0	0	0	0	0	0	0	0	0	0	0	0	0	0	0	0.0	0	0	0	0.0	99	3676.0	N2-J2-3__split	WormBase	3415825	+	gene
18061108	18061108	0	False	False	400	0.0	0.0	0.0	0	0	0	0	0.0	0.0	0.0	0.0	0.0	0.0	0	0	0	0	0.0	0.0	0.0	0.0	0.0	0.0	0.0	0.0	0	0.0	0.0	0.0	0.0	0.0	0.0	0.0	0.0	0	0.0	0	0	0	0	0	0.0	18060708	18060708	0	DOG	V	.	.	18060708	protein_coding	gene_id "WBGene00007062"; gene_source "WormBase"; gene_biotype "protein_coding";	WBGene00007062	0	0	0	0	0	0	0	0	0	0	0	0	0	0	0	0	0	0.0	0	0	0	0.0	4739	16209.0	OK80-INP_split	WormBase	18055969	+	gene
7098649	7098806	0	False	True	400	0.0	0.0	0.0	0	0	0	0	0.0	0.0	0.0	0.0	0.0	0.0	0	0	0	0	0.0	0.0	0.0	0.0	0.0	0.0	0.0	0.0	0	0.0	0.0	0.0	0.0	0.0	0.0	0.0	0.0	0	0.0	0	['WBGene00009055']	0	0	0	0.0	7098406	7098406	0	DOG	I	.	.	7098406	protein_coding	gene_id "WBGene00009052"; gene_source "WormBase"; gene_biotype "protein_coding";	WBGene00009052	0	0	0	0	0	0	0	0	0	0	0	0	0	0	0	0	0	0.0	0	0	0	0.0	2920	243.0	N2-J2-3__split	WormBase	7095486	+	gene
7847323	7847323	0	False	False	400	0.0	0.0	0.0	0	0	['WBGene00009274']	0	0.0	0.0	0.0	0.0	0.0	0.0	0	0	['WBGene00009274']	0	0.0	0.0	0.0	0.0	0.0	0.0	0.0	0.0	0	0.0	0.0	0.0	0.0	0.0	0.0	0.0	0.0	0	0.0	0	0	0	0	0	0.0	7846923	7846923	0	DOG	I	.	.	7846923	protein_coding	gene_id "WBGene00009277"; gene_source "WormBase"; gene_biotype "protein_coding";	WBGene00009277	0	0	0	0	0	0	0	0	0	0	0	0	0	0	0	0	['WBGene00014748']	0.0	0	0	0	0.0	6481	2052.0	N2-J2-3__split	WormBase	7840442	+	gene
16814963	16814963	0	False	False	400	0.0	0.0	0.0	0	0	0	0	0.0	0.0	0.0	0.0	0.0	0.0	0	0	0	0	0.0	0.0	0.0	0.0	0.0	0.0	0.0	0.0	0	0.0	0.0	0.0	0.0	0.0	0.0	0.0	0.0	0	0.0	0	0	0	0	0	0.0	16814563	16814563	0	DOG	V	.	.	16814563	protein_coding	gene_id "WBGene00013606"; gene_source "WormBase"; gene_biotype "protein_coding";	WBGene00013606	0	0	0	0	0	0	0	0	0	0	0	0	0	0	0	0	0	0.0	0	0	0	0.0	11689	1004.0	OK8-J2-1_split	WormBase	16802874	+	gene
11616644	11616644	0	False	False	400	0.0	0.0	0.0	0	0	0	0	0.0	0.0	0.0	0.0	0.0	0.0	0	0	0	0	0.0	0.0	0.0	0.0	0.0	0.0	0.0	0.0	0	0.0	0.0	0.0	0.0	0.0	0.0	0.0	0.0	0	0.0	0	0	0	0	0	0.0	11616244	11616244	0	DOG	I	.	.	11616244	protein_coding	gene_id "WBGene00007637"; gene_source "WormBase"; gene_biotype "protein_coding";	WBGene00007637	0	0	0	0	0	0	0	0	0	0	0	0	0	0	0	0	0	0.0	0	0	0	0.0	4572	4911.0	N2-J2-3__split	WormBase	11611672	+	gene
12528306	12528306	0	False	False	400	0.0	0.0	0.0	0	0	0	0	0.0	0.0	0.0	0.0	0.0	0.0	0	0	0	0	0.0	0.0	0.0	0.0	0.0	0.0	0.0	0.0	0	0.0	0.0	0.0	0.0	0.0	0.0	0.0	0.0	0	0.0	0	0	0	0	0	0.0	12527906	12527906	0	DOG	I	.	.	12527906	protein_coding	gene_id "WBGene00010770"; gene_source "WormBase"; gene_biotype "protein_coding";	WBGene00010770	0	0	0	['WBGene00199394']	0	0	0	0	0	0	0	0	0	0	0	0	0	0.0	0	0	0	0.0	9119	4763.0	N2-J2-3__split	WormBase	12518787	+	gene
10944210	10944322	0	False	True	400	0.0	0.0	0.0	0	0	0	0	0.0	0.0	0.0	0.0	0.0	0.0	0	0	0	0	0.0	0.0	0.0	0.0	0.0	0.0	0.0	0.0	0	0.0	0.0	0.0	0.0	0.0	0.0	0.0	0.0	0	0.0	['WBGene00013605']	0	0	0	0	0.0	10943922	10943922	0	DOG	I	.	.	10943922	protein_coding	gene_id "WBGene00045434"; gene_source "WormBase"; gene_biotype "protein_coding";	WBGene00045434	0	0	0	0	0	0	0	0	0	0	0	0	0	0	0	0	0	0.0	0	0	0	0.0	3237	288.0	OK80-INP_split	WormBase	10940685	+	gene
2647020	2647020	0	False	False	400	0.0	0.0	0.0	0	0	0	0	0.0	0.0	0.0	0.0	0.0	0.0	0	0	0	0	0.0	0.0	0.0	0.0	0.0	0.0	0.0	0.0	0	0.0	0.0	0.0	0.0	0.0	0.0	0.0	0.0	0	0.0	0	0	0	0	0	0.0	2646620	2646620	0	DOG	V	.	.	2646620	protein_coding	gene_id "WBGene00020957"; gene_source "WormBase"; gene_biotype "protein_coding";	WBGene00020957	0	0	0	0	0	0	0	0	0	0	0	0	0	['WBGene00220114', 'WBGene00220115']	0	0	0	0.0	0	0	0	0.0	7777	6459.0	OK8-J2-2_split	WormBase	2638843	+	gene
5373672	5373672	0	False	False	400	0.0	0.0	0.0	0	0	['WBGene00018038']	0	0.0	0.0	0.0	0.0	0.0	0.0	0	0	['WBGene00018038']	0	0.0	0.0	0.0	0.0	0.0	0.0	0.0	0.0	0	0.0	0.0	0.0	0.0	0.0	0.0	0.0	0.0	0	0.0	0	0	0	0	0	0.0	5373272	5373272	0	DOG	X	.	.	5373272	protein_coding	gene_id "WBGene00077784"; gene_source "WormBase"; gene_biotype "protein_coding";	WBGene00077784	0	0	0	0	0	0	0	0	0	0	0	0	0	0	0	0	0	0.0	0	0	0	0.0	334	1798.0	N2WT_INP_split	WormBase	5372938	+	gene
12752487	12752487	0	False	False	400	0.0	0.0	0.0	0	0	0	0	0.0	0.0	0.0	0.0	0.0	0.0	0	0	0	0	0.0	0.0	0.0	0.0	0.0	0.0	0.0	0.0	0	0.0	0.0	0.0	0.0	0.0	0.0	0.0	0.0	0	0.0	0	0	0	0	0	0.0	12752087	12752087	0	DOG	I	.	.	12752087	protein_coding	gene_id "WBGene00012195"; gene_source "WormBase"; gene_biotype "protein_coding";	WBGene00012195	0	0	0	0	0	0	0	0	0	0	0	0	0	0	0	0	0	0.0	0	0	0	0.0	2197	2004.0	N2-J2-1__split	WormBase	12749890	+	gene
12749618	12749618	0	False	False	300	0.0	0.0	0.0	0	0	0	0	0.0	0.0	0.0	0.0	0.0	0.0	0	0	0	0	0.0	0.0	0.0	0.0	0.0	0.0	0.0	0.0	0	0.0	0.0	0.0	0.0	0.0	0.0	0.0	0.0	0	0.0	0	0	0	0	0	0.0	12749318	12749318	0	DOG	I	.	.	12749318	protein_coding	gene_id "WBGene00006700"; gene_source "WormBase"; gene_biotype "protein_coding";	WBGene00006700	0	0	0	0	0	0	0	0	0	0	0	0	0	0	0	0	0	0.0	0	0	0	0.0	7730	572.0	OK80-INP_split	WormBase	12741588	+	gene
12482726	12482726	0	False	False	300	0.0	0.0	0.0	0	0	0	0	0.0	0.0	0.0	0.0	0.0	0.0	0	0	0	0	0.0	0.0	0.0	0.0	0.0	0.0	0.0	0.0	0	0.0	0.0	0.0	0.0	0.0	0.0	0.0	0.0	0	0.0	0	0	0	0	0	0.0	12482426	12482426	0	DOG	IV	.	.	12482426	protein_coding	gene_id "WBGene00011418"; gene_source "WormBase"; gene_biotype "protein_coding";	WBGene00011418	0	0	0	0	0	0	0	0	0	0	0	0	0	0	0	0	0	0.0	0	0	0	0.0	3415	5153.0	OK80-INP_split	WormBase	12479011	+	gene
5319534	5319534	0	False	False	300	0.0	0.0	0.0	0	0	0	0	0.0	0.0	0.0	0.0	0.0	0.0	0	0	0	0	0.0	0.0	0.0	0.0	0.0	0.0	0.0	0.0	0	0.0	0.0	0.0	0.0	0.0	0.0	0.0	0.0	0	0.0	0	0	0	0	0	0.0	5319234	5319234	0	DOG	II	.	.	5319234	protein_coding	gene_id "WBGene00001538"; gene_source "WormBase"; gene_biotype "protein_coding";	WBGene00001538	0	0	0	0	0	0	0	0	0	0	0	0	0	0	0	0	0	0.0	0	0	0	0.0	7188	3771.0	N2-J2-1__split	WormBase	5312046	+	gene
14426159	14426159	0	False	False	300	0.0	0.0	0.0	0	0	0	0	0.0	0.0	0.0	0.0	0.0	0.0	0	0	0	0	0.0	0.0	0.0	0.0	0.0	0.0	0.0	0.0	0	0.0	0.0	0.0	0.0	0.0	0.0	0.0	0.0	0	0.0	0	0	0	0	0	0.0	14425859	14425859	0	DOG	IV	.	.	14425859	protein_coding	gene_id "WBGene00010085"; gene_source "WormBase"; gene_biotype "protein_coding";	WBGene00010085	0	0	0	0	0	0	0	0	0	0	0	0	0	0	0	0	0	0.0	0	0	0	0.0	1166	1836.0	OK80-INP_split	WormBase	14424693	+	gene
4339437	4339437	0	False	False	300	0.0	0.0	0.0	['WBGene00201718']	0	0	0	0.0	0.0	0.0	0.0	0.0	0.0	['WBGene00201718']	0	0	0	0.0	0.0	0.0	0.0	0.0	0.0	0.0	0.0	0	0.0	0.0	0.0	0.0	0.0	0.0	0.0	0.0	0	0.0	0	0	0	0	0	0.0	4339137	4339137	0	DOG	X	.	.	4339137	ncRNA	gene_id "WBGene00201379"; gene_source "WormBase"; gene_biotype "ncRNA";	WBGene00201379	0	0	0	0	0	0	0	0	0	0	0	0	0	0	0	0	0	0.0	0	0	0	0.0	142	497.0	OK80-INP_split	WormBase	4338995	+	gene
1417749	1417777	0	False	True	300	0.0	0.0	0.0	0	0	0	0	0.0	0.0	0.0	0.0	0.0	0.0	0	0	0	0	0.0	0.0	0.0	0.0	0.0	0.0	0.0	0.0	0	0.0	0.0	0.0	0.0	0.0	0.0	0.0	0.0	0	0.0	['WBGene00195184']	0	0	0	0	0.0	1417477	1417477	0	DOG	X	.	.	1417477	protein_coding	gene_id "WBGene00017612"; gene_source "WormBase"; gene_biotype "protein_coding";	WBGene00017612	0	0	0	0	0	0	0	0	0	0	0	0	0	0	0	0	0	0.0	0	0	0	0.0	173	272.0	OK80-INP_split	WormBase	1417304	+	gene
4340764	4340764	0	False	False	300	0.0	0.0	0.0	0	['WBGene00169029']	0	0	0.0	0.0	0.0	0.0	0.0	0.0	0	['WBGene00169029']	0	0	0.0	0.0	0.0	0.0	0.0	0.0	0.0	0.0	0	0.0	0.0	0.0	0.0	0.0	0.0	0.0	0.0	0	0.0	0	0	0	0	0	0.0	4340464	4340464	0	DOG	III	.	.	4340464	protein_coding	gene_id "WBGene00007135"; gene_source "WormBase"; gene_biotype "protein_coding";	WBGene00007135	0	0	0	0	0	0	0	0	0	0	0	0	0	0	0	0	0	0.0	0	0	0	0.0	7468	2982.0	OK80-INP_split	WormBase	4332996	+	gene
12475189	12475189	0	False	False	300	0.0	0.0	0.0	0	0	0	0	0.0	0.0	0.0	0.0	0.0	0.0	0	0	0	0	0.0	0.0	0.0	0.0	0.0	0.0	0.0	0.0	0	0.0	0.0	0.0	0.0	0.0	0.0	0.0	0.0	0	0.0	0	0	0	0	0	0.0	12474889	12474889	0	DOG	IV	.	.	12474889	protein_coding	gene_id "WBGene00007736"; gene_source "WormBase"; gene_biotype "protein_coding";	WBGene00007736	0	0	0	0	0	0	0	0	0	0	0	0	0	0	['WBGene00167521']	0	0	0.0	0	0	0	0.0	6231	4122.0	OK80-INP_split	WormBase	12468658	+	gene
5874980	5874980	0	False	False	300	0.0	0.0	0.0	0	0	['WBGene00017166']	0	0.0	0.0	0.0	0.0	0.0	0.0	0	0	['WBGene00017166']	0	0.0	0.0	0.0	0.0	0.0	0.0	0.0	0.0	0	0.0	0.0	0.0	0.0	0.0	0.0	0.0	0.0	0	0.0	0	0	0	0	0	0.0	5874680	5874680	0	DOG	III	.	.	5874680	protein_coding	gene_id "WBGene00017160"; gene_source "WormBase"; gene_biotype "protein_coding";	WBGene00017160	0	0	0	0	0	0	0	0	0	0	0	0	0	0	0	0	0	0.0	0	0	0	0.0	1655	3653.0	OK80-INP_split	WormBase	5873025	+	gene
17118154	17118281	0	False	True	300	0.0	0.0	0.0	0	0	0	0	0.0	0.0	0.0	0.0	0.0	0.0	0	0	0	0	0.0	0.0	0.0	0.0	0.0	0.0	0.0	0.0	0	0.0	0.0	0.0	0.0	0.0	0.0	0.0	0.0	0	0.0	0	0	0	['WBGene00077488']	0	0.0	17117981	17117981	0	DOG	V	.	.	17117981	rRNA	gene_id "WBGene00077466"; gene_source "WormBase"; gene_biotype "rRNA";	WBGene00077466	0	0	0	0	0	0	0	0	0	0	0	0	0	0	0	0	0	0.0	0	0	0	0.0	118	173.0	OK80-INP_split	WormBase	17117863	+	gene
9838611	9838611	0	False	False	300	0.0	0.0	0.0	0	0	0	0	0.0	0.0	0.0	0.0	0.0	0.0	0	0	0	0	0.0	0.0	0.0	0.0	0.0	0.0	0.0	0.0	0	0.0	0.0	0.0	0.0	0.0	0.0	0.0	0.0	0	0.0	0	0	0	0	0	0.0	9838311	9838311	0	DOG	III	.	.	9838311	protein_coding	gene_id "WBGene00185002"; gene_source "WormBase"; gene_biotype "protein_coding";	WBGene00185002	0	0	0	0	0	0	0	0	0	0	0	0	0	0	0	0	0	0.0	0	0	0	0.0	3119	5471.0	OK80-INP_split	WormBase	9835192	+	gene
11670394	11670394	0	False	False	300	0.0	0.0	0.0	0	0	0	0	0.0	0.0	0.0	0.0	0.0	0.0	0	0	0	0	0.0	0.0	0.0	0.0	0.0	0.0	0.0	0.0	0	0.0	0.0	0.0	0.0	0.0	0.0	0.0	0.0	0	0.0	0	0	0	0	0	0.0	11670094	11670094	0	DOG	I	.	.	11670094	ncRNA	gene_id "WBGene00199697"; gene_source "WormBase"; gene_biotype "ncRNA";	WBGene00199697	0	0	0	0	0	0	0	0	0	0	0	0	0	0	0	0	0	0.0	0	0	0	0.0	109	404.0	N2-J2-1__split	WormBase	11669985	+	gene
8133432	8133629	0	False	True	300	0.0	0.0	0.0	0	0	0	0	0.0	0.0	0.0	0.0	0.0	0.0	0	0	0	0	0.0	0.0	0.0	0.0	0.0	0.0	0.0	0.0	0	0.0	0.0	0.0	0.0	0.0	0.0	0.0	0.0	0	0.0	['WBGene00017017']	0	0	0	0	0.0	8133329	8133329	0	DOG	V	.	.	8133329	protein_coding	gene_id "WBGene00017016"; gene_source "WormBase"; gene_biotype "protein_coding";	WBGene00017016	0	0	0	0	0	0	0	0	0	0	0	0	0	0	0	0	0	0.0	0	0	0	0.0	2941	103.0	OK80-INP_split	WormBase	8130388	+	gene
13343574	13343637	0	False	True	300	0.0	0.0	0.0	0	0	0	0	0.0	0.0	0.0	0.0	0.0	0.0	0	0	0	0	0.0	0.0	0.0	0.0	0.0	0.0	0.0	0.0	0	0.0	0.0	0.0	0.0	0.0	0.0	0.0	0.0	0	0.0	['WBGene00002059']	0	0	0	0	0.0	13343337	13343337	0	DOG	III	.	.	13343337	protein_coding	gene_id "WBGene00001092"; gene_source "WormBase"; gene_biotype "protein_coding";	WBGene00001092	0	0	0	0	0	0	0	0	0	0	0	0	0	0	0	0	0	0.0	0	0	0	0.0	653	237.0	OK80-INP_split	WormBase	13342684	+	gene
15071333	15071333	0	False	False	300	0.0	0.0	0.0	0	0	0	0	0.0	0.0	0.0	0.0	0.0	0.0	0	0	0	0	0.0	0.0	0.0	0.0	0.0	0.0	0.0	0.0	0	0.0	0.0	0.0	0.0	0.0	0.0	0.0	0.0	0	0.0	0	0	0	0	0	0.0	15071033	15071033	0	DOG	I	.	.	15071033	rRNA	gene_id "WBGene00004513"; gene_source "WormBase"; gene_biotype "rRNA";	WBGene00004513	0	0	0	['WBGene00195813']	0	0	0	0	0	0	0	0	0	0	0	0	0	0.0	0	0	0	0.0	1753	1233.0	N2-J2-1__split	WormBase	15069280	+	gene
7373035	7373035	0	False	False	300	0.0	0.0	0.0	0	0	['WBGene00018395']	0	0.0	0.0	0.0	0.0	0.0	0.0	0	0	['WBGene00018395']	0	0.0	0.0	0.0	0.0	0.0	0.0	0.0	0.0	0	0.0	0.0	0.0	0.0	0.0	0.0	0.0	0.0	0	0.0	0	0	0	0	0	0.0	7372735	7372735	0	DOG	II	.	.	7372735	lincRNA	gene_id "WBGene00219697"; gene_source "WormBase"; gene_biotype "lincRNA";	WBGene00219697	0	0	0	0	0	0	0	0	0	0	0	0	0	0	0	0	['WBGene00050912']	0.0	0	0	0	0.0	951	1766.0	OK80-INP_split	WormBase	7371784	+	gene
8270567	8270647	0	False	True	300	0.0	0.0	0.0	0	0	0	0	0.0	0.0	0.0	0.0	0.0	0.0	0	0	0	0	0.0	0.0	0.0	0.0	0.0	0.0	0.0	0.0	0	0.0	0.0	0.0	0.0	0.0	0.0	0.0	0.0	0	0.0	['WBGene00006562']	0	0	0	0	0.0	8270347	8270347	0	DOG	II	.	.	8270347	ncRNA	gene_id "WBGene00202033"; gene_source "WormBase"; gene_biotype "ncRNA";	WBGene00202033	0	0	0	0	0	0	0	0	0	0	0	0	0	0	0	0	0	0.0	0	0	0	0.0	137	220.0	OK80-INP_split	WormBase	8270210	+	gene
3255124	3255124	0	False	False	300	0.0	0.0	0.0	0	0	0	0	0.0	0.0	0.0	0.0	0.0	0.0	0	0	0	0	0.0	0.0	0.0	0.0	0.0	0.0	0.0	0.0	0	0.0	0.0	0.0	0.0	0.0	0.0	0.0	0.0	0	0.0	0	0	0	0	0	0.0	3254824	3254824	0	DOG	IV	.	.	3254824	ncRNA	gene_id "WBGene00197555"; gene_source "WormBase"; gene_biotype "ncRNA";	WBGene00197555	0	0	0	0	0	0	0	0	0	0	0	0	0	0	0	0	0	0.0	0	0	0	0.0	90	4086.0	N2-J2-1__split	WormBase	3254734	+	gene
1993089	1993266	0	False	True	300	0.0	0.0	0.0	0	0	0	0	0.0	0.0	0.0	0.0	0.0	0.0	0	0	0	0	0.0	0.0	0.0	0.0	0.0	0.0	0.0	0.0	0	0.0	0.0	0.0	0.0	0.0	0.0	0.0	0.0	0	0.0	['WBGene00022296']	0	0	0	0	0.0	1992966	1992966	0	DOG	IV	.	.	1992966	protein_coding	gene_id "WBGene00022300"; gene_source "WormBase"; gene_biotype "protein_coding";	WBGene00022300	0	0	0	0	0	0	0	0	0	0	0	0	0	0	0	0	0	0.0	0	['WBGene00220211']	0	0.0	11560	123.0	OK80-INP_split	WormBase	1981406	+	gene
7236951	7236951	0	False	False	300	0.0	0.0	0.0	['WBGene00200282']	0	0	0	0.0	0.0	0.0	0.0	0.0	0.0	['WBGene00200282']	0	0	0	0.0	0.0	0.0	0.0	0.0	0.0	0.0	0.0	0	0.0	0.0	0.0	0.0	0.0	0.0	0.0	0.0	0	0.0	0	0	0	0	0	0.0	7236651	7236651	0	DOG	IV	.	.	7236651	ncRNA	gene_id "WBGene00198262"; gene_source "WormBase"; gene_biotype "ncRNA";	WBGene00198262	0	0	0	0	0	0	0	0	0	0	0	0	0	0	0	0	0	0.0	0	0	0	0.0	207	1071.0	OK80-INP_split	WormBase	7236444	+	gene
7915291	7915484	0	False	True	300	0.0	0.0	0.0	0	0	0	0	0.0	0.0	0.0	0.0	0.0	0.0	0	0	0	0	0.0	0.0	0.0	0.0	0.0	0.0	0.0	0.0	0	0.0	0.0	0.0	0.0	0.0	0.0	0.0	0.0	0	0.0	['WBGene00016791']	0	0	0	0	0.0	7915184	7915184	0	DOG	IV	.	.	7915184	protein_coding	gene_id "WBGene00003827"; gene_source "WormBase"; gene_biotype "protein_coding";	WBGene00003827	0	0	0	0	0	0	0	0	0	0	0	0	0	0	0	0	0	0.0	0	0	0	0.0	4609	107.0	OK80-INP_split	WormBase	7910575	+	gene
6692379	6692379	0	True	False	300	0.0	0.0	0.0	0	0	0	0	0.0	0.0	0.0	0.0	0.0	0.0	0	0	0	0	0.0	0.0	0.0	0.0	0.0	0.0	0.0	0.0	0	0.0	0.0	0.0	0.0	0.0	0.0	0.0	0.0	0	0.0	0	0	0	0	0	0.0	6692079	6692079	0	DOG	II	.	.	6692079	ncRNA	gene_id "WBGene00219826"; gene_source "WormBase"; gene_biotype "ncRNA";	WBGene00219826	0	0	0	0	0	0	0	0	0	0	0	0	0	0	0	0	0	0.0	0	0	0	0.0	93	7005.0	OK8-J2-1_split	WormBase	6691986	+	gene
970470	970470	0	False	False	300	0.0	0.0	0.0	0	0	0	0	0.0	0.0	0.0	0.0	0.0	0.0	0	0	0	0	0.0	0.0	0.0	0.0	0.0	0.0	0.0	0.0	0	0.0	0.0	0.0	0.0	0.0	0.0	0.0	0.0	0	0.0	0	0	0	0	0	0.0	970170	970170	0	DOG	V	.	.	970170	ncRNA	gene_id "WBGene00197318"; gene_source "WormBase"; gene_biotype "ncRNA";	WBGene00197318	0	0	0	0	0	0	0	0	0	0	0	0	0	0	0	0	0	0.0	0	0	0	0.0	57	9733.0	N2-J2-2__split	WormBase	970113	+	gene
2666768	2666768	0	False	False	300	0.0	0.0	0.0	0	0	0	0	0.0	0.0	0.0	0.0	0.0	0.0	0	0	0	0	0.0	0.0	0.0	0.0	0.0	0.0	0.0	0.0	0	0.0	0.0	0.0	0.0	0.0	0.0	0.0	0.0	0	0.0	0	0	0	0	0	0.0	2666468	2666468	0	DOG	I	.	.	2666468	snoRNA	gene_id "WBGene00219930"; gene_source "WormBase"; gene_biotype "snoRNA";	WBGene00219930	0	0	0	0	0	0	0	0	0	0	0	0	0	0	0	0	0	0.0	0	0	0	0.0	84	1692.0	OK80-INP_split	WormBase	2666384	+	gene
4254380	4254439	0	False	True	300	0.0	0.0	0.0	0	0	0	0	0.0	0.0	0.0	0.0	0.0	0.0	0	0	0	0	0.0	0.0	0.0	0.0	0.0	0.0	0.0	0.0	0	0.0	0.0	0.0	0.0	0.0	0.0	0.0	0.0	0	0.0	['WBGene00016603']	0	0	0	0	0.0	4254139	4254139	0	DOG	I	.	.	4254139	protein_coding	gene_id "WBGene00016609"; gene_source "WormBase"; gene_biotype "protein_coding";	WBGene00016609	0	0	0	0	0	0	0	0	0	0	0	0	0	0	0	0	0	0.0	0	0	0	0.0	897	241.0	N2-J2-2__split	WormBase	4253242	+	gene
4769740	4769740	0	False	False	300	0.0	0.0	0.0	0	0	0	0	0.0	0.0	0.0	0.0	0.0	0.0	0	0	0	0	0.0	0.0	0.0	0.0	0.0	0.0	0.0	0.0	0	0.0	0.0	0.0	0.0	0.0	0.0	0.0	0.0	0	0.0	0	0	0	0	0	0.0	4769440	4769440	0	DOG	IV	.	.	4769440	ncRNA	gene_id "WBGene00220042"; gene_source "WormBase"; gene_biotype "ncRNA";	WBGene00220042	0	0	0	0	0	0	0	0	0	0	0	0	0	0	0	0	0	0.0	0	0	0	0.0	96	2652.0	N2-J2-2__split	WormBase	4769344	+	gene
2066170	2066170	0	False	False	300	0.0	0.0	0.0	0	0	0	0	0.0	0.0	0.0	0.0	0.0	0.0	0	0	0	0	0.0	0.0	0.0	0.0	0.0	0.0	0.0	0.0	0	0.0	0.0	0.0	0.0	0.0	0.0	0.0	0.0	0	0.0	0	0	0	0	0	0.0	2065870	2065870	0	DOG	II	.	.	2065870	protein_coding	gene_id "WBGene00017207"; gene_source "WormBase"; gene_biotype "protein_coding";	WBGene00017207	0	0	0	0	0	0	0	0	0	0	0	0	0	0	0	0	0	0.0	0	0	0	0.0	1408	2484.0	N2-J2-2__split	WormBase	2064462	+	gene
3493181	3493181	0	False	False	300	0.0	0.0	0.0	0	0	0	0	0.0	0.0	0.0	0.0	0.0	0.0	0	0	0	0	0.0	0.0	0.0	0.0	0.0	0.0	0.0	0.0	0	0.0	0.0	0.0	0.0	0.0	0.0	0.0	0.0	0	0.0	0	0	0	0	0	0.0	3492881	3492881	0	DOG	II	.	.	3492881	protein_coding	gene_id "WBGene00021716"; gene_source "WormBase"; gene_biotype "protein_coding";	WBGene00021716	0	0	0	0	0	0	0	0	0	0	0	0	0	0	0	0	0	0.0	0	0	0	0.0	1702	8940.0	N2-J2-2__split	WormBase	3491179	+	gene
5566992	5566992	0	False	False	300	0.0	0.0	0.0	0	0	0	0	0.0	0.0	0.0	0.0	0.0	0.0	0	0	0	0	0.0	0.0	0.0	0.0	0.0	0.0	0.0	0.0	0	0.0	0.0	0.0	0.0	0.0	0.0	0.0	0.0	0	0.0	0	0	0	0	0	0.0	5566692	5566692	0	DOG	II	.	.	5566692	protein_coding	gene_id "WBGene00015888"; gene_source "WormBase"; gene_biotype "protein_coding";	WBGene00015888	0	0	0	0	0	0	0	0	0	0	0	0	0	0	0	0	0	0.0	0	0	0	0.0	610	3880.0	N2-J2-2__split	WormBase	5566082	+	gene
12931814	12931814	0	False	False	300	0.0	0.0	0.0	0	0	0	0	0.0	0.0	0.0	0.0	0.0	0.0	0	0	0	0	0.0	0.0	0.0	0.0	0.0	0.0	0.0	0.0	0	0.0	0.0	0.0	0.0	0.0	0.0	0.0	0.0	0	0.0	0	0	0	0	0	0.0	12931514	12931514	0	DOG	IV	.	.	12931514	protein_coding	gene_id "WBGene00007870"; gene_source "WormBase"; gene_biotype "protein_coding";	WBGene00007870	0	0	0	0	0	0	0	0	0	0	0	0	0	0	0	0	0	0.0	0	0	0	0.0	807	5224.0	OK8-J2-3_split	WormBase	12930707	+	gene
14519529	14519529	0	False	False	300	0.0	0.0	0.0	0	0	0	0	0.0	0.0	0.0	0.0	0.0	0.0	0	0	0	0	0.0	0.0	0.0	0.0	0.0	0.0	0.0	0.0	0	0.0	0.0	0.0	0.0	0.0	0.0	0.0	0.0	0	0.0	0	0	0	0	0	0.0	14519229	14519229	0	DOG	X	.	.	14519229	protein_coding	gene_id "WBGene00044134"; gene_source "WormBase"; gene_biotype "protein_coding";	WBGene00044134	0	0	0	0	0	0	0	0	0	0	0	0	0	0	0	0	0	0.0	0	0	0	0.0	2369	1534.0	N2WT_INP_split	WormBase	14516860	+	gene
12160400	12160400	0	False	False	300	0.0	0.0	0.0	0	0	0	0	0.0	0.0	0.0	0.0	0.0	0.0	0	0	0	0	0.0	0.0	0.0	0.0	0.0	0.0	0.0	0.0	0	0.0	0.0	0.0	0.0	0.0	0.0	0.0	0.0	0	0.0	0	0	0	0	0	0.0	12160100	12160100	0	DOG	III	.	.	12160100	protein_coding	gene_id "WBGene00013544"; gene_source "WormBase"; gene_biotype "protein_coding";	WBGene00013544	0	0	0	0	0	0	0	0	0	0	0	0	0	0	0	0	0	0.0	0	0	0	0.0	7201	658.0	N2-J2-3__split	WormBase	12152899	+	gene
13636258	13636258	0	False	False	300	0.0	0.0	0.0	0	0	0	0	0.0	0.0	0.0	0.0	0.0	0.0	0	0	0	0	0.0	0.0	0.0	0.0	0.0	0.0	0.0	0.0	0	0.0	0.0	0.0	0.0	0.0	0.0	0.0	0.0	0	0.0	0	0	0	0	0	0.0	13635958	13635958	0	DOG	I	.	.	13635958	pseudogene	gene_id "WBGene00014858"; gene_source "WormBase"; gene_biotype "pseudogene";	WBGene00014858	0	0	0	0	0	0	0	0	0	0	0	0	0	0	0	0	0	0.0	0	0	0	0.0	916	1254.0	N2-J2-3__split	WormBase	13635042	+	gene
15198375	15198375	0	False	False	300	0.0	0.0	0.0	0	0	0	0	0.0	0.0	0.0	0.0	0.0	0.0	0	0	0	0	0.0	0.0	0.0	0.0	0.0	0.0	0.0	0.0	0	0.0	0.0	0.0	0.0	0.0	0.0	0.0	0.0	0	0.0	0	0	0	0	0	0.0	15198075	15198075	0	DOG	II	.	.	15198075	protein_coding	gene_id "WBGene00021598"; gene_source "WormBase"; gene_biotype "protein_coding";	WBGene00021598	0	0	0	0	0	0	0	0	0	0	0	0	0	0	0	0	0	0.0	0	0	0	0.0	1861	9368.0	N2-J2-3__split	WormBase	15196214	+	gene
11635627	11635627	0	False	False	300	0.0	0.0	0.0	0	0	0	0	0.0	0.0	0.0	0.0	0.0	0.0	0	0	0	0	0.0	0.0	0.0	0.0	0.0	0.0	0.0	0.0	0	0.0	0.0	0.0	0.0	0.0	0.0	0.0	0.0	0	0.0	0	0	0	0	0	0.0	11635327	11635327	0	DOG	II	.	.	11635327	snoRNA	gene_id "WBGene00220236"; gene_source "WormBase"; gene_biotype "snoRNA";	WBGene00220236	0	0	0	0	0	0	0	0	0	0	0	0	0	0	0	0	0	0.0	0	0	0	0.0	102	5127.0	N2-J2-3__split	WormBase	11635225	+	gene
12711088	12711088	0	False	False	200	0.0	0.0	0.0	0	0	0	0	0.0	0.0	0.0	0.0	0.0	0.0	0	0	0	0	0.0	0.0	0.0	0.0	0.0	0.0	0.0	0.0	0	0.0	0.0	0.0	0.0	0.0	0.0	0.0	0.0	0	0.0	0	0	0	0	0	0.0	12710888	12710888	0	DOG	III	.	.	12710888	protein_coding	gene_id "WBGene00013742"; gene_source "WormBase"; gene_biotype "protein_coding";	WBGene00013742	0	0	0	0	0	0	0	0	0	0	0	0	0	0	0	0	0	0.0	0	0	0	0.0	11394	618.0	N2-J2-3__split	WormBase	12699494	+	gene
134265	134265	0	False	False	200	0.0	0.0	0.0	0	0	0	0	0.0	0.0	0.0	0.0	0.0	0.0	0	0	0	0	0.0	0.0	0.0	0.0	0.0	0.0	0.0	0.0	0	0.0	0.0	0.0	0.0	0.0	0.0	0.0	0.0	0	0.0	0	0	0	0	0	0.0	134065	134065	0	DOG	I	.	.	134065	protein_coding	gene_id "WBGene00003229"; gene_source "WormBase"; gene_biotype "protein_coding";	WBGene00003229	0	0	0	0	0	0	0	0	0	0	0	0	0	0	0	0	0	0.0	0	0	0	0.0	6768	272.0	OK8-J2-2_split	WormBase	127297	+	gene
1376609	1376609	0	False	False	200	0.0	0.0	0.0	0	0	0	0	0.0	0.0	0.0	0.0	0.0	0.0	0	0	0	0	0.0	0.0	0.0	0.0	0.0	0.0	0.0	0.0	0	0.0	0.0	0.0	0.0	0.0	0.0	0.0	0.0	0	0.0	0	0	0	0	0	0.0	1376409	1376409	0	DOG	I	.	.	1376409	protein_coding	gene_id "WBGene00022366"; gene_source "WormBase"; gene_biotype "protein_coding";	WBGene00022366	0	0	0	0	0	0	0	0	0	0	0	0	0	0	0	0	0	0.0	0	0	0	0.0	11100	18160.0	OK8-J2-2_split	WormBase	1365309	+	gene
4734923	4734923	0	False	False	200	0.0	0.0	0.0	0	0	0	0	0.0	0.0	0.0	0.0	0.0	0.0	0	0	0	0	0.0	0.0	0.0	0.0	0.0	0.0	0.0	0.0	0	0.0	0.0	0.0	0.0	0.0	0.0	0.0	0.0	0	0.0	0	0	0	0	0	0.0	4734723	4734723	0	DOG	V	.	.	4734723	protein_coding	gene_id "WBGene00018208"; gene_source "WormBase"; gene_biotype "protein_coding";	WBGene00018208	0	0	0	0	0	0	0	0	0	0	0	0	0	0	0	0	0	0.0	0	0	0	0.0	2812	3111.0	N2WT_INP_split	WormBase	4731911	+	gene
3988512	3988512	0	False	False	200	0.0	0.0	0.0	0	0	0	0	0.0	0.0	0.0	0.0	0.0	0.0	0	0	0	0	0.0	0.0	0.0	0.0	0.0	0.0	0.0	0.0	0	0.0	0.0	0.0	0.0	0.0	0.0	0.0	0.0	0	0.0	0	0	0	0	0	0.0	3988312	3988312	0	DOG	V	.	.	3988312	protein_coding	gene_id "WBGene00003766"; gene_source "WormBase"; gene_biotype "protein_coding";	WBGene00003766	0	0	0	0	0	0	0	0	0	0	0	0	0	0	0	0	0	0.0	0	0	0	0.0	412	1065.0	N2WT_INP_split	WormBase	3987900	+	gene
11440852	11440852	0	False	False	200	0.0	0.0	0.0	0	0	0	0	0.0	0.0	0.0	0.0	0.0	0.0	0	0	0	0	0.0	0.0	0.0	0.0	0.0	0.0	0.0	0.0	0	0.0	0.0	0.0	0.0	0.0	0.0	0.0	0.0	0	0.0	0	0	0	0	0	0.0	11440652	11440652	0	DOG	X	.	.	11440652	protein_coding	gene_id "WBGene00164974"; gene_source "WormBase"; gene_biotype "protein_coding";	WBGene00164974	0	0	0	0	0	0	0	0	0	0	0	0	0	0	0	0	0	0.0	0	0	0	0.0	612	7437.0	N2-J2-1__split	WormBase	11440040	+	gene
11136580	11136580	0	False	False	200	0.0	0.0	0.0	0	0	0	0	0.0	0.0	0.0	0.0	0.0	0.0	0	0	0	0	0.0	0.0	0.0	0.0	0.0	0.0	0.0	0.0	0	0.0	0.0	0.0	0.0	0.0	0.0	0.0	0.0	0	0.0	0	0	0	0	0	0.0	11136380	11136380	0	DOG	III	.	.	11136380	protein_coding	gene_id "WBGene00004010"; gene_source "WormBase"; gene_biotype "protein_coding";	WBGene00004010	0	0	0	0	0	0	0	0	0	0	0	0	0	0	0	0	0	0.0	0	0	0	0.0	4605	6068.0	N2-J2-1__split	WormBase	11131775	+	gene
23398	23398	0	False	False	200	0.0	0.0	0.0	0	0	0	0	0.0	0.0	0.0	0.0	0.0	0.0	0	0	0	0	0.0	0.0	0.0	0.0	0.0	0.0	0.0	0.0	0	0.0	0.0	0.0	0.0	0.0	0.0	0.0	0.0	0	0.0	0	0	0	0	0	0.0	23198	23198	0	DOG	IV	.	.	23198	protein_coding	gene_id "WBGene00021405"; gene_source "WormBase"; gene_biotype "protein_coding";	WBGene00021405	0	0	0	0	0	0	0	0	0	0	0	0	0	0	0	0	0	0.0	0	0	0	0.0	1705	3784.0	N2-J2-3__split	WormBase	21493	+	gene
3589535	3589535	0	False	False	200	0.0	0.0	0.0	0	0	['WBGene00006383']	0	0.0	0.0	0.0	0.0	0.0	0.0	0	0	['WBGene00006383']	0	0.0	0.0	0.0	0.0	0.0	0.0	0.0	0.0	0	0.0	0.0	0.0	0.0	0.0	0.0	0.0	0.0	0	0.0	0	0	0	0	0	0.0	3589335	3589335	0	DOG	IV	.	.	3589335	pseudogene	gene_id "WBGene00023366"; gene_source "WormBase"; gene_biotype "pseudogene";	WBGene00023366	0	0	0	0	0	0	0	0	0	0	0	0	0	0	0	0	0	0.0	0	0	0	0.0	72	17449.0	OK8-J2-2_split	WormBase	3589263	+	gene
11784286	11784286	0	False	False	200	0.0	0.0	0.0	0	0	0	0	0.0	0.0	0.0	0.0	0.0	0.0	0	0	0	0	0.0	0.0	0.0	0.0	0.0	0.0	0.0	0.0	0	0.0	0.0	0.0	0.0	0.0	0.0	0.0	0.0	0	0.0	0	0	0	0	0	0.0	11784086	11784086	0	DOG	II	.	.	11784086	pseudogene	gene_id "WBGene00009656"; gene_source "WormBase"; gene_biotype "pseudogene";	WBGene00009656	0	0	0	0	0	0	0	0	0	0	0	0	0	0	0	0	0	0.0	0	0	0	0.0	1099	6673.0	N2WT_INP_split	WormBase	11782987	+	gene
14952124	14952124	0	False	False	200	0.0	0.0	0.0	0	0	0	0	0.0	0.0	0.0	0.0	0.0	0.0	0	0	0	0	0.0	0.0	0.0	0.0	0.0	0.0	0.0	0.0	0	0.0	0.0	0.0	0.0	0.0	0.0	0.0	0.0	0	0.0	0	0	0	0	0	0.0	14951924	14951924	0	DOG	I	.	.	14951924	protein_coding	gene_id "WBGene00002189"; gene_source "WormBase"; gene_biotype "protein_coding";	WBGene00002189	0	0	0	['WBGene00219910', 'WBGene00196768']	0	0	0	0	['WBGene00219911']	0	0	0	0	0	0	0	0	0.0	0	0	0	0.0	32391	1566.0	N2-J2-3__split	WormBase	14919533	+	gene
13875623	13875623	0	False	False	200	0.0	0.0	0.0	0	0	0	0	0.0	0.0	0.0	0.0	0.0	0.0	0	0	0	0	0.0	0.0	0.0	0.0	0.0	0.0	0.0	0.0	0	0.0	0.0	0.0	0.0	0.0	0.0	0.0	0.0	0	0.0	0	0	0	0	0	0.0	13875423	13875423	0	DOG	II	.	.	13875423	protein_coding	gene_id "WBGene00013094"; gene_source "WormBase"; gene_biotype "protein_coding";	WBGene00013094	0	0	0	0	0	0	0	0	0	0	0	0	0	0	0	0	0	0.0	0	0	0	0.0	2554	611.0	OK8-J2-2_split	WormBase	13872869	+	gene
13817598	13817598	0	False	False	200	0.0	0.0	0.0	0	0	0	0	0.0	0.0	0.0	0.0	0.0	0.0	0	0	0	0	0.0	0.0	0.0	0.0	0.0	0.0	0.0	0.0	0	0.0	0.0	0.0	0.0	0.0	0.0	0.0	0.0	0	0.0	0	0	0	0	0	0.0	13817398	13817398	0	DOG	II	.	.	13817398	protein_coding	gene_id "WBGene00013934"; gene_source "WormBase"; gene_biotype "protein_coding";	WBGene00013934	0	0	0	0	0	0	0	0	0	0	0	0	0	0	0	0	0	0.0	0	0	0	0.0	25169	595.0	OK8-J2-2_split	WormBase	13792229	+	gene
15109242	15109242	0	False	False	200	0.0	0.0	0.0	0	0	0	0	0.0	0.0	0.0	0.0	0.0	0.0	0	0	0	0	0.0	0.0	0.0	0.0	0.0	0.0	0.0	0.0	0	0.0	0.0	0.0	0.0	0.0	0.0	0.0	0.0	0	0.0	0	0	0	0	0	0.0	15109042	15109042	0	DOG	II	.	.	15109042	protein_coding	gene_id "WBGene00013167"; gene_source "WormBase"; gene_biotype "protein_coding";	WBGene00013167	0	0	0	0	0	0	0	0	0	0	0	0	0	0	0	0	0	0.0	0	0	0	0.0	18870	1102.0	N2WT_INP_split	WormBase	15090172	+	gene
12486435	12486435	0	False	False	200	0.0	0.0	0.0	0	0	0	0	0.0	0.0	0.0	0.0	0.0	0.0	0	0	0	0	0.0	0.0	0.0	0.0	0.0	0.0	0.0	0.0	0	0.0	0.0	0.0	0.0	0.0	0.0	0.0	0.0	0	0.0	0	0	0	0	0	0.0	12486235	12486235	0	DOG	I	.	.	12486235	protein_coding	gene_id "WBGene00012104"; gene_source "WormBase"; gene_biotype "protein_coding";	WBGene00012104	0	0	0	0	0	0	0	0	0	0	0	0	0	0	0	0	0	0.0	0	0	0	0.0	2426	637.0	N2-J2-3__split	WormBase	12483809	+	gene
4338624	4338624	0	False	False	200	0.0	0.0	0.0	0	0	0	0	0.0	0.0	0.0	0.0	0.0	0.0	0	0	0	0	0.0	0.0	0.0	0.0	0.0	0.0	0.0	0.0	0	0.0	0.0	0.0	0.0	0.0	0.0	0.0	0.0	0	0.0	0	0	0	0	0	0.0	4338424	4338424	0	DOG	II	.	.	4338424	protein_coding	gene_id "WBGene00019218"; gene_source "WormBase"; gene_biotype "protein_coding";	WBGene00019218	0	0	0	0	0	0	0	0	0	0	0	0	0	0	0	0	0	0.0	0	0	0	0.0	2717	1727.0	OK8-J2-2_split	WormBase	4335707	+	gene
12970438	12970438	0	False	False	200	0.0	0.0	0.0	0	0	0	0	0.0	0.0	0.0	0.0	0.0	0.0	0	0	0	0	0.0	0.0	0.0	0.0	0.0	0.0	0.0	0.0	0	0.0	0.0	0.0	0.0	0.0	0.0	0.0	0.0	0	0.0	0	0	0	0	0	0.0	12970238	12970238	0	DOG	I	.	.	12970238	protein_coding	gene_id "WBGene00001234"; gene_source "WormBase"; gene_biotype "protein_coding";	WBGene00001234	0	0	0	0	0	0	0	0	0	0	0	0	0	0	0	0	0	0.0	0	0	0	0.0	1317	882.0	N2-J2-3__split	WormBase	12968921	+	gene
2732604	2732604	0	False	False	200	0.0	0.0	0.0	0	0	0	0	0.0	0.0	0.0	0.0	0.0	0.0	0	0	0	0	0.0	0.0	0.0	0.0	0.0	0.0	0.0	0.0	0	0.0	0.0	0.0	0.0	0.0	0.0	0.0	0.0	0	0.0	0	0	0	0	0	0.0	2732404	2732404	0	DOG	IV	.	.	2732404	protein_coding	gene_id "WBGene00022375"; gene_source "WormBase"; gene_biotype "protein_coding";	WBGene00022375	0	0	0	0	0	0	0	0	0	0	0	0	0	0	0	0	0	0.0	0	0	0	0.0	2152	7810.0	N2-J2-3__split	WormBase	2730252	+	gene
13508850	13508850	0	False	False	200	0.0	0.0	0.0	0	0	0	0	0.0	0.0	0.0	0.0	0.0	0.0	0	0	0	0	0.0	0.0	0.0	0.0	0.0	0.0	0.0	0.0	0	0.0	0.0	0.0	0.0	0.0	0.0	0.0	0.0	0	0.0	0	0	0	0	0	0.0	13508650	13508650	0	DOG	III	.	.	13508650	protein_coding	gene_id "WBGene00012109"; gene_source "WormBase"; gene_biotype "protein_coding";	WBGene00012109	0	0	0	0	0	0	0	0	0	0	0	0	0	0	0	0	0	0.0	0	0	0	0.0	2632	13629.0	N2-J2-3__split	WormBase	13506018	+	gene
14546834	14546834	0	False	False	200	0.0	0.0	0.0	0	0	0	0	0.0	0.0	0.0	0.0	0.0	0.0	0	0	0	0	0.0	0.0	0.0	0.0	0.0	0.0	0.0	0.0	0	0.0	0.0	0.0	0.0	0.0	0.0	0.0	0.0	0	0.0	0	0	0	0	0	0.0	14546634	14546634	0	DOG	I	.	.	14546634	protein_coding	gene_id "WBGene00013683"; gene_source "WormBase"; gene_biotype "protein_coding";	WBGene00013683	0	0	0	['WBGene00197112', 'WBGene00200093']	0	0	0	0	0	0	0	0	0	['WBGene00196075']	0	0	0	0.0	0	0	0	0.0	17103	43122.0	N2WT_INP_split	WormBase	14529531	+	gene
3169149	3169149	0	False	False	200	0.0	0.0	0.0	0	0	0	0	0.0	0.0	0.0	0.0	0.0	0.0	0	0	0	0	0.0	0.0	0.0	0.0	0.0	0.0	0.0	0.0	0	0.0	0.0	0.0	0.0	0.0	0.0	0.0	0.0	0	0.0	0	0	0	0	0	0.0	3168949	3168949	0	DOG	IV	.	.	3168949	ncRNA	gene_id "WBGene00200723"; gene_source "WormBase"; gene_biotype "ncRNA";	WBGene00200723	0	0	0	0	0	0	0	0	0	0	0	0	0	0	0	0	0	0.0	0	0	0	0.0	149	33384.0	N2-J2-3__split	WormBase	3168800	+	gene
4847536	4847536	0	False	False	200	0.0	0.0	0.0	0	0	0	0	0.0	0.0	0.0	0.0	0.0	0.0	0	0	0	0	0.0	0.0	0.0	0.0	0.0	0.0	0.0	0.0	0	0.0	0.0	0.0	0.0	0.0	0.0	0.0	0.0	0	0.0	0	0	0	0	0	0.0	4847336	4847336	0	DOG	I	.	.	4847336	protein_coding	gene_id "WBGene00019009"; gene_source "WormBase"; gene_biotype "protein_coding";	WBGene00019009	0	0	0	0	0	0	0	0	0	0	0	0	0	0	0	0	0	0.0	0	0	0	0.0	2323	1089.0	OK8-J2-2_split	WormBase	4845013	+	gene
1490694	1490694	0	False	False	200	0.0	0.0	0.0	0	0	0	0	0.0	0.0	0.0	0.0	0.0	0.0	0	0	0	0	0.0	0.0	0.0	0.0	0.0	0.0	0.0	0.0	0	0.0	0.0	0.0	0.0	0.0	0.0	0.0	0.0	0	0.0	0	0	0	0	0	0.0	1490494	1490494	0	DOG	I	.	.	1490494	protein_coding	gene_id "WBGene00001115"; gene_source "WormBase"; gene_biotype "protein_coding";	WBGene00001115	0	0	0	0	['WBGene00170789']	0	0	0	0	0	0	0	0	0	0	0	0	0.0	0	0	0	0.0	7411	24261.0	OK8-J2-2_split	WormBase	1483083	+	gene
7330201	7330201	0	False	False	200	0.0	0.0	0.0	0	0	0	0	0.0	0.0	0.0	0.0	0.0	0.0	0	0	0	0	0.0	0.0	0.0	0.0	0.0	0.0	0.0	0.0	0	0.0	0.0	0.0	0.0	0.0	0.0	0.0	0.0	0	0.0	0	0	0	0	0	0.0	7330001	7330001	0	DOG	V	.	.	7330001	protein_coding	gene_id "WBGene00017364"; gene_source "WormBase"; gene_biotype "protein_coding";	WBGene00017364	0	0	0	0	0	0	0	0	0	0	0	0	0	0	0	0	0	0.0	0	0	0	0.0	1609	1167.0	OK8-J2-1_split	WormBase	7328392	+	gene
6871870	6871870	0	False	False	200	0.0	0.0	0.0	0	0	0	0	0.0	0.0	0.0	0.0	0.0	0.0	0	0	0	0	0.0	0.0	0.0	0.0	0.0	0.0	0.0	0.0	0	0.0	0.0	0.0	0.0	0.0	0.0	0.0	0.0	0	0.0	0	0	0	0	0	0.0	6871670	6871670	0	DOG	X	.	.	6871670	protein_coding	gene_id "WBGene00018276"; gene_source "WormBase"; gene_biotype "protein_coding";	WBGene00018276	0	0	0	0	0	['WBGene00018277']	0	0	0	0	0	0	0	0	0	0	0	0.0	0	0	0	0.0	1316	15011.0	N2-J2-1__split	WormBase	6870354	+	gene
1403660	1403660	0	False	False	200	0.0	0.0	0.0	0	0	0	0	0.0	0.0	0.0	0.0	0.0	0.0	0	0	0	0	0.0	0.0	0.0	0.0	0.0	0.0	0.0	0.0	0	0.0	0.0	0.0	0.0	0.0	0.0	0.0	0.0	0	0.0	0	0	0	0	0	0.0	1403460	1403460	0	DOG	III	.	.	1403460	protein_coding	gene_id "WBGene00044761"; gene_source "WormBase"; gene_biotype "protein_coding";	WBGene00044761	0	0	0	0	0	0	0	0	0	0	0	0	0	0	0	0	0	0.0	0	0	0	0.0	1514	1332.0	OK8-J2-2_split	WormBase	1401946	+	gene
314125	314169	0	False	True	200	0.0	0.0	0.0	0	0	0	0	0.0	0.0	0.0	0.0	0.0	0.0	0	0	0	0	0.0	0.0	0.0	0.0	0.0	0.0	0.0	0.0	0	0.0	0.0	0.0	0.0	0.0	0.0	0.0	0.0	0	0.0	0	['WBGene00019278']	0	0	0	0.0	313969	313969	0	DOG	II	.	.	313969	protein_coding	gene_id "WBGene00019279"; gene_source "WormBase"; gene_biotype "protein_coding";	WBGene00019279	0	0	0	0	0	['WBGene00019282']	0	0	0	0	0	0	0	0	0	0	0	0.0	0	0	0	0.0	6424	156.0	N2-J2-1__split	WormBase	307545	+	gene
533284	533284	0	False	False	200	0.0	0.0	0.0	0	0	0	0	0.0	0.0	0.0	0.0	0.0	0.0	0	0	0	0	0.0	0.0	0.0	0.0	0.0	0.0	0.0	0.0	0	0.0	0.0	0.0	0.0	0.0	0.0	0.0	0.0	0	0.0	0	0	0	0	0	0.0	533084	533084	0	DOG	I	.	.	533084	protein_coding	gene_id "WBGene00022033"; gene_source "WormBase"; gene_biotype "protein_coding";	WBGene00022033	0	0	0	0	0	0	0	0	0	0	0	0	0	['WBGene00220190']	0	0	0	0.0	0	0	0	0.0	2115	1371.0	N2-J2-3__split	WormBase	530969	+	gene
2077106	2077106	0	False	False	200	0.0	0.0	0.0	0	0	0	0	0.0	0.0	0.0	0.0	0.0	0.0	0	0	0	0	0.0	0.0	0.0	0.0	0.0	0.0	0.0	0.0	0	0.0	0.0	0.0	0.0	0.0	0.0	0.0	0.0	0	0.0	0	0	0	0	0	0.0	2076906	2076906	0	DOG	I	.	.	2076906	protein_coding	gene_id "WBGene00021351"; gene_source "WormBase"; gene_biotype "protein_coding";	WBGene00021351	0	0	0	0	0	0	0	0	0	0	0	0	0	0	0	0	0	0.0	0	0	0	0.0	4226	2053.0	N2-J2-3__split	WormBase	2072680	+	gene
5347213	5347213	0	False	False	200	0.0	0.0	0.0	0	0	0	0	0.0	0.0	0.0	0.0	0.0	0.0	0	0	0	0	0.0	0.0	0.0	0.0	0.0	0.0	0.0	0.0	0	0.0	0.0	0.0	0.0	0.0	0.0	0.0	0.0	0	0.0	0	0	0	0	0	0.0	5347013	5347013	0	DOG	II	.	.	5347013	protein_coding	gene_id "WBGene00017287"; gene_source "WormBase"; gene_biotype "protein_coding";	WBGene00017287	0	0	0	0	0	0	0	0	0	0	0	0	0	0	0	0	0	0.0	0	0	0	0.0	406	3656.0	N2-J2-3__split	WormBase	5346607	+	gene
4022156	4022156	0	False	False	200	0.0	0.0	0.0	0	0	0	0	0.0	0.0	0.0	0.0	0.0	0.0	0	0	0	0	0.0	0.0	0.0	0.0	0.0	0.0	0.0	0.0	0	0.0	0.0	0.0	0.0	0.0	0.0	0.0	0.0	0	0.0	0	0	0	0	0	0.0	4021956	4021956	0	DOG	X	.	.	4021956	protein_coding	gene_id "WBGene00019827"; gene_source "WormBase"; gene_biotype "protein_coding";	WBGene00019827	0	0	0	0	0	0	0	0	0	0	0	0	0	0	0	0	0	0.0	0	0	0	0.0	9737	317.0	N2-J2-3__split	WormBase	4012219	+	gene
12232441	12232441	0	False	False	200	0.0	0.0	0.0	0	0	0	0	0.0	0.0	0.0	0.0	0.0	0.0	0	0	0	0	0.0	0.0	0.0	0.0	0.0	0.0	0.0	0.0	0	0.0	0.0	0.0	0.0	0.0	0.0	0.0	0.0	0	0.0	0	0	0	0	0	0.0	12232241	12232241	0	DOG	III	.	.	12232241	protein_coding	gene_id "WBGene00013554"; gene_source "WormBase"; gene_biotype "protein_coding";	WBGene00013554	0	0	0	['WBGene00196572']	0	0	0	0	0	0	0	0	0	0	0	0	0	0.0	0	0	0	0.0	5609	3943.0	N2-J2-3__split	WormBase	12226632	+	gene
5820460	5820460	0	False	False	200	0.0	0.0	0.0	0	0	0	0	0.0	0.0	0.0	0.0	0.0	0.0	0	0	0	0	0.0	0.0	0.0	0.0	0.0	0.0	0.0	0.0	0	0.0	0.0	0.0	0.0	0.0	0.0	0.0	0.0	0	0.0	0	0	0	0	0	0.0	5820260	5820260	0	DOG	X	.	.	5820260	ncRNA	gene_id "WBGene00201633"; gene_source "WormBase"; gene_biotype "ncRNA";	WBGene00201633	0	0	0	0	0	0	0	0	0	0	0	0	0	0	0	0	0	0.0	0	0	0	0.0	193	2017.0	N2-J2-1__split	WormBase	5820067	+	gene
6707252	6707252	0	False	False	200	0.0	0.0	0.0	0	0	0	0	0.0	0.0	0.0	0.0	0.0	0.0	0	0	0	0	0.0	0.0	0.0	0.0	0.0	0.0	0.0	0.0	0	0.0	0.0	0.0	0.0	0.0	0.0	0.0	0.0	0	0.0	0	0	0	0	0	0.0	6707052	6707052	0	DOG	IV	.	.	6707052	pseudogene	gene_id "WBGene00044503"; gene_source "WormBase"; gene_biotype "pseudogene";	WBGene00044503	0	0	0	0	0	0	0	0	0	0	0	0	0	0	0	0	0	0.0	0	0	0	0.0	2127	24921.0	N2-J2-3__split	WormBase	6704925	+	gene
6793400	6793400	0	False	False	200	0.0	0.0	0.0	0	0	0	0	0.0	0.0	0.0	0.0	0.0	0.0	0	0	0	0	0.0	0.0	0.0	0.0	0.0	0.0	0.0	0.0	0	0.0	0.0	0.0	0.0	0.0	0.0	0.0	0.0	0	0.0	0	0	0	0	0	0.0	6793200	6793200	0	DOG	IV	.	.	6793200	snoRNA	gene_id "WBGene00219822"; gene_source "WormBase"; gene_biotype "snoRNA";	WBGene00219822	0	0	0	0	0	0	0	0	0	0	0	0	0	0	0	0	0	0.0	0	0	0	0.0	226	2713.0	N2WT_INP_split	WormBase	6792974	+	gene
11668345	11668345	0	False	False	200	0.0	0.0	0.0	0	0	0	0	0.0	0.0	0.0	0.0	0.0	0.0	0	0	0	0	0.0	0.0	0.0	0.0	0.0	0.0	0.0	0.0	0	0.0	0.0	0.0	0.0	0.0	0.0	0.0	0.0	0	0.0	0	0	0	0	0	0.0	11668145	11668145	0	DOG	I	.	.	11668145	ncRNA	gene_id "WBGene00195529"; gene_source "WormBase"; gene_biotype "ncRNA";	WBGene00195529	0	0	0	0	0	0	0	0	0	0	0	0	0	0	0	0	0	0.0	0	0	0	0.0	63	244.0	OK8-J2-1_split	WormBase	11668082	+	gene
9572542	9572542	0	False	False	200	0.0	0.0	0.0	0	0	0	0	0.0	0.0	0.0	0.0	0.0	0.0	0	0	0	0	0.0	0.0	0.0	0.0	0.0	0.0	0.0	0.0	0	0.0	0.0	0.0	0.0	0.0	0.0	0.0	0.0	0	0.0	0	0	0	0	0	0.0	9572342	9572342	0	DOG	II	.	.	9572342	ncRNA	gene_id "WBGene00197031"; gene_source "WormBase"; gene_biotype "ncRNA";	WBGene00197031	0	0	0	0	0	0	0	0	0	0	0	0	0	0	0	0	0	0.0	0	0	0	0.0	66	3629.0	N2-J2-1__split	WormBase	9572276	+	gene
3325150	3325150	0	False	False	200	0.0	0.0	0.0	0	0	0	0	0.0	0.0	0.0	0.0	0.0	0.0	0	0	0	0	0.0	0.0	0.0	0.0	0.0	0.0	0.0	0.0	0	0.0	0.0	0.0	0.0	0.0	0.0	0.0	0.0	0	0.0	0	0	0	0	0	0.0	3324950	3324950	0	DOG	IV	.	.	3324950	pseudogene	gene_id "WBGene00018325"; gene_source "WormBase"; gene_biotype "pseudogene";	WBGene00018325	0	0	0	0	0	0	0	0	0	0	0	0	0	0	0	0	0	0.0	0	0	0	0.0	4937	7227.0	N2WT_INP_split	WormBase	3320013	+	gene
7699237	7699237	0	False	False	200	0.0	0.0	0.0	0	0	0	0	0.0	0.0	0.0	0.0	0.0	0.0	0	0	0	0	0.0	0.0	0.0	0.0	0.0	0.0	0.0	0.0	0	0.0	0.0	0.0	0.0	0.0	0.0	0.0	0.0	0	0.0	0	0	0	0	0	0.0	7699037	7699037	0	DOG	I	.	.	7699037	protein_coding	gene_id "WBGene00011973"; gene_source "WormBase"; gene_biotype "protein_coding";	WBGene00011973	0	0	0	0	0	0	0	0	0	0	0	0	0	0	0	0	0	0.0	0	0	0	0.0	736	506.0	N2-J2-3__split	WormBase	7698301	+	gene
280645	280645	0	False	False	200	0.0	0.0	0.0	0	0	0	0	0.0	0.0	0.0	0.0	0.0	0.0	0	0	0	0	0.0	0.0	0.0	0.0	0.0	0.0	0.0	0.0	0	0.0	0.0	0.0	0.0	0.0	0.0	0.0	0.0	0	0.0	0	0	0	0	0	0.0	280445	280445	0	DOG	I	.	.	280445	protein_coding	gene_id "WBGene00016904"; gene_source "WormBase"; gene_biotype "protein_coding";	WBGene00016904	0	0	0	0	0	0	0	0	0	0	0	0	0	0	0	0	0	0.0	0	0	0	0.0	325	3055.0	N2-J2-1__split	WormBase	280120	+	gene
15716644	15716644	0	False	False	200	0.0	0.0	0.0	0	0	0	0	0.0	0.0	0.0	0.0	0.0	0.0	0	0	0	0	0.0	0.0	0.0	0.0	0.0	0.0	0.0	0.0	0	0.0	0.0	0.0	0.0	0.0	0.0	0.0	0.0	0	0.0	0	0	0	0	0	0.0	15716444	15716444	0	DOG	X	.	.	15716444	protein_coding	gene_id "WBGene00003638"; gene_source "WormBase"; gene_biotype "protein_coding";	WBGene00003638	0	0	0	0	0	0	0	0	0	0	0	0	0	0	0	0	0	0.0	0	0	0	0.0	8249	2181.0	N2-J2-3__split	WormBase	15708195	+	gene
12238911	12238911	0	False	False	200	0.0	0.0	0.0	0	0	0	0	0.0	0.0	0.0	0.0	0.0	0.0	0	0	0	0	0.0	0.0	0.0	0.0	0.0	0.0	0.0	0.0	0	0.0	0.0	0.0	0.0	0.0	0.0	0.0	0.0	0	0.0	0	0	0	0	0	0.0	12238711	12238711	0	DOG	II	.	.	12238711	miRNA	gene_id "WBGene00219232"; gene_source "WormBase"; gene_biotype "miRNA";	WBGene00219232	0	0	0	0	0	0	0	0	0	0	0	0	0	0	0	0	0	0.0	0	0	0	0.0	109	1281.0	OK8-J2-1_split	WormBase	12238602	+	gene
12491302	12491302	0	False	False	200	0.0	0.0	0.0	0	0	0	0	0.0	0.0	0.0	0.0	0.0	0.0	0	0	0	0	0.0	0.0	0.0	0.0	0.0	0.0	0.0	0.0	0	0.0	0.0	0.0	0.0	0.0	0.0	0.0	0.0	0	0.0	0	0	0	0	0	0.0	12491102	12491102	0	DOG	X	.	.	12491102	protein_coding	gene_id "WBGene00009726"; gene_source "WormBase"; gene_biotype "protein_coding";	WBGene00009726	0	0	0	0	0	0	0	0	0	0	0	0	0	0	0	0	0	0.0	0	0	0	0.0	6048	1577.0	OK8-J2-3_split	WormBase	12485054	+	gene
11078833	11078833	0	False	False	200	0.0	0.0	0.0	['WBGene00199315']	0	0	0	0.0	0.0	0.0	0.0	0.0	0.0	['WBGene00199315']	0	0	0	0.0	0.0	0.0	0.0	0.0	0.0	0.0	0.0	0	0.0	0.0	0.0	0.0	0.0	0.0	0.0	0.0	0	0.0	0	0	0	0	0	0.0	11078633	11078633	0	DOG	V	.	.	11078633	ncRNA	gene_id "WBGene00199976"; gene_source "WormBase"; gene_biotype "ncRNA";	WBGene00199976	0	0	0	0	0	0	0	0	0	0	0	0	0	0	0	0	0	0.0	0	0	0	0.0	142	534.0	OK8-J2-3_split	WormBase	11078491	+	gene
9090804	9090804	0	False	False	200	0.0	0.0	0.0	0	0	0	0	0.0	0.0	0.0	0.0	0.0	0.0	0	0	0	0	0.0	0.0	0.0	0.0	0.0	0.0	0.0	0.0	0	0.0	0.0	0.0	0.0	0.0	0.0	0.0	0.0	0	0.0	0	0	0	0	0	0.0	9090604	9090604	0	DOG	V	.	.	9090604	protein_coding	gene_id "WBGene00002017"; gene_source "WormBase"; gene_biotype "protein_coding";	WBGene00002017	0	0	0	0	0	0	0	0	0	0	0	0	0	0	0	0	0	0.0	0	0	0	0.0	527	272.0	OK80-INP_split	WormBase	9090077	+	gene
2731562	2731653	0	False	True	200	0.0	0.0	0.0	0	0	0	0	0.0	0.0	0.0	0.0	0.0	0.0	0	0	0	0	0.0	0.0	0.0	0.0	0.0	0.0	0.0	0.0	0	0.0	0.0	0.0	0.0	0.0	0.0	0.0	0.0	0	0.0	['WBGene00022126']	0	0	0	0	0.0	2731453	2731453	0	DOG	I	.	.	2731453	protein_coding	gene_id "WBGene00022127"; gene_source "WormBase"; gene_biotype "protein_coding";	WBGene00022127	0	0	0	0	0	0	0	0	0	0	0	0	0	0	0	0	0	0.0	0	0	0	0.0	1449	109.0	OK80-INP_split	WormBase	2730004	+	gene
16185619	16185619	0	False	False	200	0.0	0.0	0.0	0	0	0	0	0.0	0.0	0.0	0.0	0.0	0.0	0	0	0	0	0.0	0.0	0.0	0.0	0.0	0.0	0.0	0.0	0	0.0	0.0	0.0	0.0	0.0	0.0	0.0	0.0	0	0.0	0	0	0	0	0	0.0	16185419	16185419	0	DOG	X	.	.	16185419	protein_coding	gene_id "WBGene00011227"; gene_source "WormBase"; gene_biotype "protein_coding";	WBGene00011227	0	0	0	0	0	0	0	0	0	0	0	0	0	0	0	0	0	0.0	0	0	0	0.0	1049	4437.0	N2-J2-2__split	WormBase	16184370	+	gene
14104675	14104675	0	False	False	200	0.0	0.0	0.0	0	0	['WBGene00001047']	0	0.0	0.0	0.0	0.0	0.0	0.0	0	0	['WBGene00001047']	0	0.0	0.0	0.0	0.0	0.0	0.0	0.0	0.0	0	0.0	0.0	0.0	0.0	0.0	0.0	0.0	0.0	0	0.0	0	0	0	0	0	0.0	14104475	14104475	0	DOG	I	.	.	14104475	protein_coding	gene_id "WBGene00006565"; gene_source "WormBase"; gene_biotype "protein_coding";	WBGene00006565	0	0	0	0	0	0	0	0	0	0	0	0	0	0	0	0	0	0.0	0	0	0	0.0	3239	9161.0	OK80-INP_split	WormBase	14101236	+	gene
13971077	13971077	0	False	False	200	0.0	0.0	0.0	0	0	0	0	0.0	0.0	0.0	0.0	0.0	0.0	0	0	0	0	0.0	0.0	0.0	0.0	0.0	0.0	0.0	0.0	0	0.0	0.0	0.0	0.0	0.0	0.0	0.0	0.0	0	0.0	0	0	0	0	0	0.0	13970877	13970877	0	DOG	I	.	.	13970877	pseudogene	gene_id "WBGene00014947"; gene_source "WormBase"; gene_biotype "pseudogene";	WBGene00014947	0	0	0	0	0	0	0	0	0	0	0	0	0	0	0	0	0	0.0	0	0	0	0.0	1033	406.0	OK80-INP_split	WormBase	13969844	+	gene
10106894	10106894	0	False	False	200	0.0	0.0	0.0	0	0	0	0	0.0	0.0	0.0	0.0	0.0	0.0	0	0	0	0	0.0	0.0	0.0	0.0	0.0	0.0	0.0	0.0	0	0.0	0.0	0.0	0.0	0.0	0.0	0.0	0.0	0	0.0	0	0	0	0	0	0.0	10106694	10106694	0	DOG	V	.	.	10106694	protein_coding	gene_id "WBGene00007423"; gene_source "WormBase"; gene_biotype "protein_coding";	WBGene00007423	0	0	0	0	0	0	0	0	0	0	0	0	0	0	0	0	0	0.0	0	0	0	0.0	982	990.0	OK80-INP_split	WormBase	10105712	+	gene
10245010	10245010	0	False	False	200	0.0	0.0	0.0	0	0	0	0	0.0	0.0	0.0	0.0	0.0	0.0	0	0	0	0	0.0	0.0	0.0	0.0	0.0	0.0	0.0	0.0	0	0.0	0.0	0.0	0.0	0.0	0.0	0.0	0.0	0	0.0	0	0	0	0	0	0.0	10244810	10244810	0	DOG	III	.	.	10244810	protein_coding	gene_id "WBGene00013499"; gene_source "WormBase"; gene_biotype "protein_coding";	WBGene00013499	0	0	0	0	0	0	0	0	0	0	0	0	0	0	0	0	0	0.0	0	0	0	0.0	6138	4301.0	OK80-INP_split	WormBase	10238672	+	gene
9783325	9783412	0	False	True	200	0.0	0.0	0.0	0	0	0	0	0.0	0.0	0.0	0.0	0.0	0.0	0	0	0	0	0.0	0.0	0.0	0.0	0.0	0.0	0.0	0.0	0	0.0	0.0	0.0	0.0	0.0	0.0	0.0	0.0	0	0.0	['WBGene00011218']	0	0	0	0	0.0	9783212	9783212	0	DOG	III	.	.	9783212	protein_coding	gene_id "WBGene00006911"; gene_source "WormBase"; gene_biotype "protein_coding";	WBGene00006911	0	0	0	0	0	0	0	0	0	0	0	0	0	0	0	0	0	0.0	0	0	0	0.0	1048	113.0	OK80-INP_split	WormBase	9782164	+	gene
5022047	5022110	0	False	True	200	0.0	0.0	0.0	0	0	0	0	0.0	0.0	0.0	0.0	0.0	0.0	0	0	0	0	0.0	0.0	0.0	0.0	0.0	0.0	0.0	0.0	0	0.0	0.0	0.0	0.0	0.0	0.0	0.0	0.0	0	0.0	['WBGene00020093']	0	0	0	0	0.0	5021910	5021910	0	DOG	III	.	.	5021910	protein_coding	gene_id "WBGene00007015"; gene_source "WormBase"; gene_biotype "protein_coding";	WBGene00007015	0	0	0	0	0	0	0	0	0	0	0	0	0	0	0	0	0	0.0	0	0	0	0.0	686	137.0	OK80-INP_split	WormBase	5021224	+	gene
2935940	2935940	0	False	False	200	0.0	0.0	0.0	0	0	0	0	0.0	0.0	0.0	0.0	0.0	0.0	0	0	0	0	0.0	0.0	0.0	0.0	0.0	0.0	0.0	0.0	0	0.0	0.0	0.0	0.0	0.0	0.0	0.0	0.0	0	0.0	0	0	0	0	0	0.0	2935740	2935740	0	DOG	III	.	.	2935740	protein_coding	gene_id "WBGene00019994"; gene_source "WormBase"; gene_biotype "protein_coding";	WBGene00019994	0	0	0	0	0	['WBGene00019995', 'WBGene00019996']	0	0	0	0	0	0	0	['WBGene00196541']	0	0	0	0.0	0	0	0	0.0	24830	369.0	OK80-INP_split	WormBase	2910910	+	gene
124778	124841	0	False	True	200	0.0	0.0	0.0	0	0	0	0	0.0	0.0	0.0	0.0	0.0	0.0	0	0	0	0	0.0	0.0	0.0	0.0	0.0	0.0	0.0	0.0	0	0.0	0.0	0.0	0.0	0.0	0.0	0.0	0.0	0	0.0	['WBGene00016218']	0	0	0	0	0.0	124641	124641	0	DOG	III	.	.	124641	protein_coding	gene_id "WBGene00016219"; gene_source "WormBase"; gene_biotype "protein_coding";	WBGene00016219	0	0	0	0	0	['WBGene00016226']	0	0	0	0	0	0	0	0	0	0	0	0.0	0	0	0	0.0	4149	137.0	OK80-INP_split	WormBase	120492	+	gene
19199280	19199280	0	False	False	200	0.0	0.0	0.0	0	0	0	0	0.0	0.0	0.0	0.0	0.0	0.0	0	0	0	0	0.0	0.0	0.0	0.0	0.0	0.0	0.0	0.0	0	0.0	0.0	0.0	0.0	0.0	0.0	0.0	0.0	0	0.0	0	0	0	0	0	0.0	19199080	19199080	0	DOG	V	.	.	19199080	protein_coding	gene_id "WBGene00012665"; gene_source "WormBase"; gene_biotype "protein_coding";	WBGene00012665	0	0	0	0	0	0	0	0	0	0	0	0	0	0	0	0	0	0.0	0	0	0	0.0	8533	8935.0	OK80-INP_split	WormBase	19190547	+	gene
1048529	1048529	0	False	False	200	0.0	0.0	0.0	0	0	0	0	0.0	0.0	0.0	0.0	0.0	0.0	0	0	0	0	0.0	0.0	0.0	0.0	0.0	0.0	0.0	0.0	0	0.0	0.0	0.0	0.0	0.0	0.0	0.0	0.0	0	0.0	0	0	0	0	0	0.0	1048329	1048329	0	DOG	I	.	.	1048329	protein_coding	gene_id "WBGene00021332"; gene_source "WormBase"; gene_biotype "protein_coding";	WBGene00021332	0	0	0	0	0	0	0	0	0	0	0	0	0	0	0	0	0	0.0	0	0	0	0.0	6855	1267.0	OK80-INP_split	WormBase	1041474	+	gene
14783542	14783542	0	False	False	200	0.0	0.0	0.0	0	0	['WBGene00013334']	0	0.0	0.0	0.0	0.0	0.0	0.0	0	0	['WBGene00013334']	0	0.0	0.0	0.0	0.0	0.0	0.0	0.0	0.0	0	0.0	0.0	0.0	0.0	0.0	0.0	0.0	0.0	0	0.0	0	0	0	0	0	0.0	14783342	14783342	0	DOG	IV	.	.	14783342	protein_coding	gene_id "WBGene00194649"; gene_source "WormBase"; gene_biotype "protein_coding";	WBGene00194649	0	0	0	0	0	0	0	0	0	0	0	0	0	0	0	0	0	0.0	0	0	0	0.0	698	3826.0	N2-J2-2__split	WormBase	14782644	+	gene
11238180	11238180	0	False	False	200	0.0	0.0	0.0	0	0	['WBGene00009750']	0	0.0	0.0	0.0	0.0	0.0	0.0	0	0	['WBGene00009750']	0	0.0	0.0	0.0	0.0	0.0	0.0	0.0	0.0	0	0.0	0.0	0.0	0.0	0.0	0.0	0.0	0.0	0	0.0	0	0	0	0	0	0.0	11237980	11237980	0	DOG	I	.	.	11237980	ncRNA	gene_id "WBGene00219950"; gene_source "WormBase"; gene_biotype "ncRNA";	WBGene00219950	0	0	0	0	0	0	0	0	0	0	0	0	0	0	0	0	0	0.0	0	0	0	0.0	163	6310.0	OK80-INP_split	WormBase	11237817	+	gene
11569731	11569731	0	False	False	200	0.0	0.0	0.0	0	0	0	0	0.0	0.0	0.0	0.0	0.0	0.0	0	0	0	0	0.0	0.0	0.0	0.0	0.0	0.0	0.0	0.0	0	0.0	0.0	0.0	0.0	0.0	0.0	0.0	0.0	0	0.0	0	0	0	0	0	0.0	11569531	11569531	0	DOG	X	.	.	11569531	protein_coding	gene_id "WBGene00007956"; gene_source "WormBase"; gene_biotype "protein_coding";	WBGene00007956	0	0	0	0	0	0	0	0	0	0	0	0	0	0	0	0	0	0.0	0	0	0	0.0	5608	2321.0	OK80-INP_split	WormBase	11563923	+	gene
4147862	4147862	0	False	False	200	0.0	0.0	0.0	0	0	0	0	0.0	0.0	0.0	0.0	0.0	0.0	0	0	0	0	0.0	0.0	0.0	0.0	0.0	0.0	0.0	0.0	0	0.0	0.0	0.0	0.0	0.0	0.0	0.0	0.0	0	0.0	0	0	0	0	0	0.0	4147662	4147662	0	DOG	X	.	.	4147662	protein_coding	gene_id "WBGene00022745"; gene_source "WormBase"; gene_biotype "protein_coding";	WBGene00022745	0	0	0	['WBGene00198734']	0	['WBGene00022746']	0	0	0	0	0	0	0	0	0	0	0	0.0	0	0	0	0.0	12529	9215.0	OK80-INP_split	WormBase	4135133	+	gene
12704111	12704191	0	False	True	200	0.0	0.0	0.0	0	0	0	0	0.0	0.0	0.0	0.0	0.0	0.0	0	0	0	0	0.0	0.0	0.0	0.0	0.0	0.0	0.0	0.0	0	0.0	0.0	0.0	0.0	0.0	0.0	0.0	0.0	0	0.0	['WBGene00007780']	0	0	0	0	0.0	12703991	12703991	0	DOG	IV	.	.	12703991	protein_coding	gene_id "WBGene00011940"; gene_source "WormBase"; gene_biotype "protein_coding";	WBGene00011940	0	0	0	['WBGene00198687']	0	0	0	0	0	0	0	0	0	0	0	0	0	0.0	0	0	0	0.0	15336	120.0	OK80-INP_split	WormBase	12688655	+	gene
11316077	11316077	0	False	False	200	0.0	0.0	0.0	0	0	0	0	0.0	0.0	0.0	0.0	0.0	0.0	0	0	0	0	0.0	0.0	0.0	0.0	0.0	0.0	0.0	0.0	0	0.0	0.0	0.0	0.0	0.0	0.0	0.0	0.0	0	0.0	0	0	0	0	0	0.0	11315877	11315877	0	DOG	IV	.	.	11315877	protein_coding	gene_id "WBGene00007107"; gene_source "WormBase"; gene_biotype "protein_coding";	WBGene00007107	0	0	0	0	0	0	0	0	0	0	0	0	0	0	0	0	0	0.0	0	0	0	0.0	735	1542.0	OK80-INP_split	WormBase	11315142	+	gene
7800452	7800452	0	False	False	200	0.0	0.0	0.0	0	0	0	0	0.0	0.0	0.0	0.0	0.0	0.0	0	0	0	0	0.0	0.0	0.0	0.0	0.0	0.0	0.0	0.0	0	0.0	0.0	0.0	0.0	0.0	0.0	0.0	0.0	0	0.0	0	0	0	0	0	0.0	7800252	7800252	0	DOG	IV	.	.	7800252	pseudogene	gene_id "WBGene00002221"; gene_source "WormBase"; gene_biotype "pseudogene";	WBGene00002221	0	0	0	0	0	0	0	0	0	0	0	0	0	0	0	0	0	0.0	0	0	0	0.0	3060	4788.0	OK80-INP_split	WormBase	7797192	+	gene
4258373	4258373	0	False	False	200	0.0	0.0	0.0	0	0	0	0	0.0	0.0	0.0	0.0	0.0	0.0	0	0	0	0	0.0	0.0	0.0	0.0	0.0	0.0	0.0	0.0	0	0.0	0.0	0.0	0.0	0.0	0.0	0.0	0.0	0	0.0	0	0	0	0	0	0.0	4258173	4258173	0	DOG	IV	.	.	4258173	protein_coding	gene_id "WBGene00000123"; gene_source "WormBase"; gene_biotype "protein_coding";	WBGene00000123	0	0	0	0	0	0	0	0	0	0	0	0	0	0	0	0	0	0.0	0	0	0	0.0	10153	5120.0	OK80-INP_split	WormBase	4248020	+	gene
2382371	2382371	0	False	False	200	0.0	0.0	0.0	0	0	0	0	0.0	0.0	0.0	0.0	0.0	0.0	0	0	0	0	0.0	0.0	0.0	0.0	0.0	0.0	0.0	0.0	0	0.0	0.0	0.0	0.0	0.0	0.0	0.0	0.0	0	0.0	0	0	0	0	0	0.0	2382171	2382171	0	DOG	IV	.	.	2382171	protein_coding	gene_id "WBGene00021423"; gene_source "WormBase"; gene_biotype "protein_coding";	WBGene00021423	0	0	0	0	0	0	0	0	0	0	0	0	0	0	0	0	0	0.0	0	0	0	0.0	32900	1842.0	OK80-INP_split	WormBase	2349271	+	gene
2235995	2235995	0	False	False	200	0.0	0.0	0.0	0	0	0	0	0.0	0.0	0.0	0.0	0.0	0.0	0	0	0	0	0.0	0.0	0.0	0.0	0.0	0.0	0.0	0.0	0	0.0	0.0	0.0	0.0	0.0	0.0	0.0	0.0	0	0.0	0	0	0	0	0	0.0	2235795	2235795	0	DOG	IV	.	.	2235795	protein_coding	gene_id "WBGene00020208"; gene_source "WormBase"; gene_biotype "protein_coding";	WBGene00020208	0	0	0	['WBGene00202285']	0	0	0	0	0	0	0	0	0	0	0	0	0	0.0	0	0	0	0.0	12967	7265.0	OK80-INP_split	WormBase	2222828	+	gene
14719870	14719870	0	False	False	200	0.0	0.0	0.0	0	0	0	0	0.0	0.0	0.0	0.0	0.0	0.0	0	0	0	0	0.0	0.0	0.0	0.0	0.0	0.0	0.0	0.0	0	0.0	0.0	0.0	0.0	0.0	0.0	0.0	0.0	0	0.0	0	0	0	0	0	0.0	14719670	14719670	0	DOG	II	.	.	14719670	pseudogene	gene_id "WBGene00007481"; gene_source "WormBase"; gene_biotype "pseudogene";	WBGene00007481	0	0	0	0	0	0	0	0	0	0	0	0	0	0	0	0	0	0.0	0	0	0	0.0	1308	5151.0	OK80-INP_split	WormBase	14718362	+	gene
16565028	16565028	0	False	False	200	0.0	0.0	0.0	0	0	0	0	0.0	0.0	0.0	0.0	0.0	0.0	0	0	0	0	0.0	0.0	0.0	0.0	0.0	0.0	0.0	0.0	0	0.0	0.0	0.0	0.0	0.0	0.0	0.0	0.0	0	0.0	0	0	0	0	0	0.0	16564828	16564828	0	DOG	X	.	.	16564828	ncRNA	gene_id "WBGene00220011"; gene_source "WormBase"; gene_biotype "ncRNA";	WBGene00220011	0	0	0	0	0	0	0	0	0	0	0	0	0	0	0	0	0	0.0	0	0	0	0.0	98	14562.0	OK80-INP_split	WormBase	16564730	+	gene
9624924	9624924	0	False	False	200	0.0	0.0	0.0	0	0	['WBGene00004488']	0	0.0	0.0	0.0	0.0	0.0	0.0	0	0	['WBGene00004488']	0	0.0	0.0	0.0	0.0	0.0	0.0	0.0	0.0	0	0.0	0.0	0.0	0.0	0.0	0.0	0.0	0.0	0	0.0	0	0	0	0	0	0.0	9624724	9624724	0	DOG	I	.	.	9624724	protein_coding	gene_id "WBGene00011489"; gene_source "WormBase"; gene_biotype "protein_coding";	WBGene00011489	0	0	0	0	0	0	0	0	0	0	0	0	0	0	0	0	0	0.0	0	0	0	0.0	2202	1517.0	OK80-INP_split	WormBase	9622522	+	gene
10653243	10653243	0	False	False	200	0.0	0.0	0.0	0	0	['WBGene00015236']	0	0.0	0.0	0.0	0.0	0.0	0.0	0	0	['WBGene00015236']	0	0.0	0.0	0.0	0.0	0.0	0.0	0.0	0.0	0	0.0	0.0	0.0	0.0	0.0	0.0	0.0	0.0	0	0.0	0	0	0	0	0	0.0	10653043	10653043	0	DOG	I	.	.	10653043	protein_coding	gene_id "WBGene00015228"; gene_source "WormBase"; gene_biotype "protein_coding";	WBGene00015228	0	0	0	0	0	0	0	0	0	0	0	0	0	0	0	0	0	0.0	0	0	0	0.0	2013	14765.0	OK80-INP_split	WormBase	10651030	+	gene
10380948	10380948	0	False	False	200	0.0	0.0	0.0	0	0	0	0	0.0	0.0	0.0	0.0	0.0	0.0	0	0	0	0	0.0	0.0	0.0	0.0	0.0	0.0	0.0	0.0	0	0.0	0.0	0.0	0.0	0.0	0.0	0.0	0.0	0	0.0	0	0	0	0	0	0.0	10380748	10380748	0	DOG	I	.	.	10380748	pseudogene	gene_id "WBGene00189958"; gene_source "WormBase"; gene_biotype "pseudogene";	WBGene00189958	0	0	0	0	0	0	0	0	0	0	0	0	0	0	0	0	0	0.0	0	0	0	0.0	651	334.0	OK80-INP_split	WormBase	10380097	+	gene
10450422	10450422	0	False	False	200	0.0	0.0	0.0	0	0	0	0	0.0	0.0	0.0	0.0	0.0	0.0	0	0	0	0	0.0	0.0	0.0	0.0	0.0	0.0	0.0	0.0	0	0.0	0.0	0.0	0.0	0.0	0.0	0.0	0.0	0	0.0	0	0	0	0	0	0.0	10450222	10450222	0	DOG	II	.	.	10450222	protein_coding	gene_id "WBGene00014058"; gene_source "WormBase"; gene_biotype "protein_coding";	WBGene00014058	0	0	0	0	0	0	0	0	0	0	0	0	0	0	0	0	0	0.0	0	0	0	0.0	1956	385.0	OK80-INP_split	WormBase	10448266	+	gene
50503	50503	0	False	False	200	0.0	0.0	0.0	0	0	0	0	0.0	0.0	0.0	0.0	0.0	0.0	0	0	0	0	0.0	0.0	0.0	0.0	0.0	0.0	0.0	0.0	0	0.0	0.0	0.0	0.0	0.0	0.0	0.0	0.0	0	0.0	0	0	0	0	0	0.0	50303	50303	0	DOG	II	.	.	50303	protein_coding	gene_id "WBGene00016021"; gene_source "WormBase"; gene_biotype "protein_coding";	WBGene00016021	0	0	0	0	0	0	0	0	0	0	0	0	0	0	0	0	0	0.0	0	0	0	0.0	2723	769.0	OK80-INP_split	WormBase	47580	+	gene
4917	4917	0	False	False	200	0.0	0.0	0.0	0	0	0	0	0.0	0.0	0.0	0.0	0.0	0.0	0	0	0	0	0.0	0.0	0.0	0.0	0.0	0.0	0.0	0.0	0	0.0	0.0	0.0	0.0	0.0	0.0	0.0	0.0	0	0.0	0	0	0	0	0	0.0	4717	4717	0	DOG	II	.	.	4717	protein_coding	gene_id "WBGene00007063"; gene_source "WormBase"; gene_biotype "protein_coding";	WBGene00007063	0	0	0	0	0	0	0	0	0	0	0	0	0	0	0	0	0	0.0	0	0	0	0.0	2869	412.0	OK80-INP_split	WormBase	1848	+	gene
