DOG_end_local	DOG_end_meta	DOG_from_downstream_gene	DOG_from_upstream_gene	DOG_into_downstream_gene	DOG_length	DOG_overlap_opposite_strand_local:antisense	DOG_overlap_opposite_strand_local:lincRNA	DOG_overlap_opposite_strand_local:miRNA	DOG_overlap_opposite_strand_local:ncRNA	DOG_overlap_opposite_strand_local:piRNA	DOG_overlap_opposite_strand_local:protein_coding	DOG_overlap_opposite_strand_local:pseudogene	DOG_overlap_opposite_strand_local:rRNA	DOG_overlap_opposite_strand_local:snRNA	DOG_overlap_opposite_strand_local:snoRNA	DOG_overlap_opposite_strand_local:tRNA	DOG_overlap_opposite_strand_meta:antisense	DOG_overlap_opposite_strand_meta:lincRNA	DOG_overlap_opposite_strand_meta:miRNA	DOG_overlap_opposite_strand_meta:ncRNA	DOG_overlap_opposite_strand_meta:piRNA	DOG_overlap_opposite_strand_meta:protein_coding	DOG_overlap_opposite_strand_meta:pseudogene	DOG_overlap_opposite_strand_meta:rRNA	DOG_overlap_opposite_strand_meta:snRNA	DOG_overlap_opposite_strand_meta:snoRNA	DOG_overlap_opposite_strand_meta:tRNA	DOG_overlap_same_strand_local:antisense	DOG_overlap_same_strand_local:lincRNA	DOG_overlap_same_strand_local:miRNA	DOG_overlap_same_strand_local:ncRNA	DOG_overlap_same_strand_local:piRNA	DOG_overlap_same_strand_local:protein_coding	DOG_overlap_same_strand_local:pseudogene	DOG_overlap_same_strand_local:snRNA	DOG_overlap_same_strand_local:snoRNA	DOG_overlap_same_strand_local:tRNA	DOG_overlap_same_strand_meta:antisense	DOG_overlap_same_strand_meta:lincRNA	DOG_overlap_same_strand_meta:miRNA	DOG_overlap_same_strand_meta:ncRNA	DOG_overlap_same_strand_meta:piRNA	DOG_overlap_same_strand_meta:protein_coding	DOG_overlap_same_strand_meta:pseudogene	DOG_overlap_same_strand_meta:snRNA	DOG_overlap_same_strand_meta:snoRNA	DOG_overlap_same_strand_meta:tRNA	DOG_start_local	DOG_start_meta	POG_into_upstream_gene	TYPE	chr	dot	dot2	end	gene_biotype_name	gene_id	gene_id_name	inside_gene	inside_gene_opposite_strand:antisense	inside_gene_opposite_strand:lincRNA	inside_gene_opposite_strand:miRNA	inside_gene_opposite_strand:ncRNA	inside_gene_opposite_strand:piRNA	inside_gene_opposite_strand:protein_coding	inside_gene_opposite_strand:pseudogene	inside_gene_opposite_strand:rRNA	inside_gene_opposite_strand:snRNA	inside_gene_opposite_strand:snoRNA	inside_gene_opposite_strand:tRNA	inside_gene_same_strand:antisense	inside_gene_same_strand:lincRNA	inside_gene_same_strand:miRNA	inside_gene_same_strand:ncRNA	inside_gene_same_strand:piRNA	inside_gene_same_strand:protein_coding	inside_gene_same_strand:pseudogene	inside_gene_same_strand:snRNA	inside_gene_same_strand:snoRNA	inside_gene_same_strand:tRNA	left_int_length	length	right_int_length	sample_name	source	start	strand	type
15070431	15070431	0	True	True	11300	0.0	0	0	0	0.0	0	0	['WBGene00004513']	0.0	0.0	0.0	0.0	0	0	0	0	0	['WBGene00004677']	['WBGene00004512', 'WBGene00004567', 'WBGene00004622', 'WBGene00004513']	0.0	0.0	0.0	0.0	0.0	0.0	0.0	0.0	0.0	0.0	0.0	0.0	0.0	0.0	0.0	0.0	['WBGene00201398', 'WBGene00198814', 'WBGene00196396']	0	0	0	0.0	0	0.0	15068355	15068355	0	DOG	I	.	.	15070580	ncRNA	gene_id "WBGene00195813"; gene_source "WormBase"; gene_biotype "ncRNA";	WBGene00195813	0	0	0	0	0	0	0	0	0.0	0	0	0	0	0	0	0	0	0	0	0	0	0	2076.0	149	0.0	OK8-J2-1_split	WormBase	15070431	-	gene
15067668	15067668	0	True	True	8200	0.0	0	0	0	0.0	0	0	['WBGene00004512', 'WBGene00004567', 'WBGene00004622']	0.0	0.0	0.0	0.0	0	0	0	0	0	['WBGene00004677']	['WBGene00004512', 'WBGene00004567', 'WBGene00004622']	0.0	0.0	0.0	0.0	0.0	0.0	0.0	0.0	0.0	0.0	0.0	0.0	0.0	0.0	0.0	0.0	['WBGene00201398', 'WBGene00198814']	0	0	0	0.0	0	0.0	15063383	15063383	0	DOG	I	.	.	15068355	ncRNA	gene_id "WBGene00196396"; gene_source "WormBase"; gene_biotype "ncRNA";	WBGene00196396	0	0	0	0	0	0	0	0	0.0	0	0	0	0	0	0	0	0	0	0	0	0	0	4285.0	687	0.0	OK8-J2-2_split	WormBase	15067668	-	gene
15063050	15063050	0	False	True	3100	0.0	0	0	0	0.0	0	0	['WBGene00004512']	0.0	0.0	0.0	0.0	0	0	0	0	0	['WBGene00004677']	['WBGene00004512']	0.0	0.0	0.0	0.0	0.0	0.0	0.0	0.0	0.0	0.0	0.0	0.0	0.0	0.0	0.0	0.0	['WBGene00201398']	0	0	0	0.0	0	0.0	15061159	15061159	0	DOG	I	.	.	15063383	ncRNA	gene_id "WBGene00198814"; gene_source "WormBase"; gene_biotype "ncRNA";	WBGene00198814	0	0	0	0	0	0	0	0	0.0	0	0	0	0	0	0	0	0	0	0	0	0	0	1891.0	333	0.0	OK8-J2-2_split	WormBase	15063050	-	gene
2377089	2377089	0	False	False	2000	0.0	0	0	0	0.0	0	0	0	0.0	0.0	0.0	0.0	0	0	0	0	0	0	0	0.0	0.0	0.0	0.0	0.0	0.0	0.0	0.0	0.0	0.0	0.0	0.0	0.0	0.0	0.0	0.0	0	0	0	0	0.0	0	0.0	2375089	2375089	0	DOG	I	.	.	2381851	protein_coding	gene_id "WBGene00021473"; gene_source "WormBase"; gene_biotype "protein_coding";	WBGene00021473	0	0	0	0	0	0	0	0	0.0	0	0	0	0	0	0	0	0	0	0	0	0	0	6231.0	4762	0.0	OK8-J2-2_split	WormBase	2377089	-	gene
4894647	4894647	0	False	True	1900	0.0	0	0	0	0.0	0	0	0	0.0	0.0	0.0	0.0	0	0	0	0	0	0	0	0.0	0.0	0.0	0.0	0.0	0.0	0.0	0.0	0.0	0.0	0.0	0.0	0.0	0.0	0.0	0.0	0	0	['WBGene00017828']	0	0.0	0	0.0	4893409	4893409	0	DOG	III	.	.	4899085	protein_coding	gene_id "WBGene00003598"; gene_source "WormBase"; gene_biotype "protein_coding";	WBGene00003598	0	0	0	0	0	0	0	0	0.0	0	0	0	0	0	0	0	0	0	0	0	0	0	1238.0	4438	0.0	OK80-INP_split	WormBase	4894647	-	gene
7140278	7140278	0	False	True	1900	0.0	0	0	0	0.0	0	0	0	0.0	0.0	0.0	0.0	0	0	0	0	0	0	0	0.0	0.0	0.0	0.0	0.0	0.0	0.0	0.0	0.0	0.0	0.0	0.0	0.0	0.0	0.0	0.0	0	0	['WBGene00010738']	0	0.0	['WBGene00220019']	0.0	7139973	7139973	0	DOG	I	.	.	7147230	protein_coding	gene_id "WBGene00010427"; gene_source "WormBase"; gene_biotype "protein_coding";	WBGene00010427	0	0	0	0	0	0	0	0	0.0	0	0	0	0	0	0	0	0	0	0	0	0	0	305.0	6952	0.0	OK80-INP_split	WormBase	7140278	-	gene
5981778	5981778	0	False	False	1800	0.0	0	0	0	0.0	0	0	0	0.0	0.0	0.0	0.0	0	0	0	0	0	0	0	0.0	0.0	0.0	0.0	0.0	0.0	0.0	0.0	0.0	0.0	0.0	0.0	0.0	0.0	0.0	0.0	0	0	0	0	0.0	0	0.0	5979978	5979978	0	DOG	I	.	.	5985869	protein_coding	gene_id "WBGene00015504"; gene_source "WormBase"; gene_biotype "protein_coding";	WBGene00015504	0	0	0	0	0	0	0	0	0.0	0	0	0	0	0	0	0	0	0	0	0	0	0	8458.0	4091	0.0	OK80-INP_split	WormBase	5981778	-	gene
2287030	2287030	0	False	False	1500	0.0	0	0	0	0.0	0	0	0	0.0	0.0	0.0	0.0	0	0	0	0	0	0	0	0.0	0.0	0.0	0.0	0.0	0.0	0.0	0.0	0.0	0.0	0.0	0.0	0.0	0.0	0.0	0.0	0	0	0	0	0.0	0	0.0	2285530	2285530	0	DOG	II	.	.	2290226	protein_coding	gene_id "WBGene00019593"; gene_source "WormBase"; gene_biotype "protein_coding";	WBGene00019593	0	0	0	0	0	0	0	0	0.0	0	0	0	0	0	0	0	0	0	0	0	0	0	2111.0	3196	0.0	OK80-INP_split	WormBase	2287030	-	gene
16603529	16603529	0	False	True	1200	0.0	0	0	0	0.0	0	0	0	0.0	0.0	0.0	0.0	0	0	0	0	0	0	0	0.0	0.0	0.0	0.0	0.0	0.0	0.0	0.0	0.0	0.0	0.0	0.0	0.0	0.0	0.0	0.0	0	0	['WBGene00011397']	0	0.0	0	0.0	16603369	16603369	0	DOG	V	.	.	16610952	pseudogene	gene_id "WBGene00194769"; gene_source "WormBase"; gene_biotype "pseudogene";	WBGene00194769	0	0	0	0	0	['WBGene00169639']	['WBGene00012525']	0	0.0	0	0	0	0	0	0	0	0	0	0	0	0	0	160.0	7423	0.0	OK80-INP_split	WormBase	16603529	-	gene
4343931	4343931	0	False	True	1200	0.0	0	0	0	0.0	['WBGene00000140']	0	0	0.0	0.0	0.0	0.0	0	0	0	0	['WBGene00000140']	0	0	0.0	0.0	0.0	0.0	0.0	0.0	0.0	0.0	0.0	0.0	0.0	0.0	0.0	0.0	0.0	0.0	['WBGene00196671']	0	0	0	0.0	0	0.0	4343780	4343780	0	DOG	I	.	.	4344080	ncRNA	gene_id "WBGene00195962"; gene_source "WormBase"; gene_biotype "ncRNA";	WBGene00195962	0	0	0	0	0	0	0	0	0.0	0	0	0	0	0	0	0	0	0	0	0	0	0	151.0	149	0.0	OK80-INP_split	WormBase	4343931	-	gene
4346971	4346971	0	False	True	1200	0.0	0	0	0	0.0	['WBGene00000140']	0	0	0.0	0.0	0.0	0.0	0	0	0	0	['WBGene00000140']	0	0	0.0	0.0	0.0	0.0	0.0	0.0	0.0	0.0	0.0	0.0	0.0	0.0	0.0	0.0	0.0	0.0	['WBGene00198205']	0	0	0	0.0	0	0.0	4346820	4346820	0	DOG	I	.	.	4347120	ncRNA	gene_id "WBGene00197673"; gene_source "WormBase"; gene_biotype "ncRNA";	WBGene00197673	0	0	0	0	0	0	0	0	0.0	0	0	0	0	0	0	0	0	0	0	0	0	0	151.0	149	0.0	OK80-INP_split	WormBase	4346971	-	gene
4349858	4349858	0	False	True	1200	0.0	0	0	0	0.0	['WBGene00000140']	0	0	0.0	0.0	0.0	0.0	0	0	0	0	['WBGene00000140']	0	0	0.0	0.0	0.0	0.0	0.0	0.0	0.0	0.0	0.0	0.0	0.0	0.0	0.0	0.0	0.0	0.0	['WBGene00199757']	0	0	0	0.0	0	0.0	4349707	4349707	0	DOG	I	.	.	4350007	ncRNA	gene_id "WBGene00199244"; gene_source "WormBase"; gene_biotype "ncRNA";	WBGene00199244	0	0	0	0	0	0	0	0	0.0	0	0	0	0	0	0	0	0	0	0	0	0	0	151.0	149	0.0	OK80-INP_split	WormBase	4349858	-	gene
4352745	4352745	0	False	True	1200	0.0	0	0	0	0.0	['WBGene00000140']	0	0	0.0	0.0	0.0	0.0	0	0	0	0	['WBGene00000140']	0	0	0.0	0.0	0.0	0.0	0.0	0.0	0.0	0.0	0.0	0.0	0.0	0.0	0.0	0.0	0.0	0.0	['WBGene00199607']	0	0	0	0.0	0	0.0	4352594	4352594	0	DOG	I	.	.	4352894	ncRNA	gene_id "WBGene00202259"; gene_source "WormBase"; gene_biotype "ncRNA";	WBGene00202259	0	0	0	0	0	0	0	0	0.0	0	0	0	0	0	0	0	0	0	0	0	0	0	151.0	149	0.0	OK80-INP_split	WormBase	4352745	-	gene
4355632	4355632	0	False	True	1200	0.0	0	0	0	0.0	['WBGene00000140']	0	0	0.0	0.0	0.0	0.0	0	0	0	0	['WBGene00000140']	0	0	0.0	0.0	0.0	0.0	0.0	0.0	0.0	0.0	0.0	0.0	0.0	0.0	0.0	0.0	0.0	0.0	['WBGene00195350']	0	0	0	0.0	0	0.0	4355481	4355481	0	DOG	I	.	.	4355781	ncRNA	gene_id "WBGene00196043"; gene_source "WormBase"; gene_biotype "ncRNA";	WBGene00196043	0	0	0	0	0	0	0	0	0.0	0	0	0	0	0	0	0	0	0	0	0	0	0	151.0	149	0.0	OK80-INP_split	WormBase	4355632	-	gene
3612951	3612951	0	False	False	1100	0.0	0	0	0	0.0	['WBGene00004213']	0	0	0.0	0.0	0.0	0.0	0	0	0	0	['WBGene00004213']	0	0	0.0	0.0	0.0	0.0	0.0	0.0	0.0	0.0	0.0	0.0	0.0	0.0	0.0	0.0	0.0	0.0	0	0	0	0	0.0	0	0.0	3611851	3611851	0	DOG	III	.	.	3627142	protein_coding	gene_id "WBGene00004765"; gene_source "WormBase"; gene_biotype "protein_coding";	WBGene00004765	0	0	0	0	['WBGene00202440']	0	0	0	0.0	0	0	0	0	0	0	0	0	0	0	0	0	0	6249.0	14191	0.0	OK8-J2-2_split	WormBase	3612951	-	gene
1889910	1889910	0	False	False	1000	0.0	0	0	0	0.0	0	0	0	0.0	0.0	0.0	0.0	0	0	0	0	0	0	0	0.0	0.0	0.0	0.0	0.0	0.0	0.0	0.0	0.0	0.0	0.0	0.0	0.0	0.0	0.0	0.0	0	0	0	0	0.0	0	0.0	1888910	1888910	0	DOG	V	.	.	1889998	snoRNA	gene_id "WBGene00220139"; gene_source "WormBase"; gene_biotype "snoRNA";	WBGene00220139	0	0	0	0	0	0	0	0	0.0	0	0	0	0	0	0	0	0	0	0	0	0	0	7645.0	88	0.0	N2-J2-2__split	WormBase	1889910	-	gene
12671307	12671307	0	False	False	1000	0.0	0	0	0	0.0	0	0	0	0.0	0.0	0.0	0.0	0	0	0	0	0	0	0	0.0	0.0	0.0	0.0	0.0	0.0	0.0	0.0	0.0	0.0	0.0	0.0	0.0	0.0	0.0	0.0	0	0	0	0	0.0	0	0.0	12670307	12670307	0	DOG	III	.	.	12673421	protein_coding	gene_id "WBGene00006389"; gene_source "WormBase"; gene_biotype "protein_coding";	WBGene00006389	0	0	0	0	0	0	0	0	0.0	0	0	0	0	0	0	0	0	0	0	0	0	0	9021.0	2114	0.0	N2-J2-1__split	WormBase	12671307	-	gene
12538664	12538664	0	False	False	900	0.0	0	0	0	0.0	0	0	0	0.0	0.0	0.0	0.0	0	0	0	0	0	0	0	0.0	0.0	0.0	0.0	0.0	0.0	0.0	0.0	0.0	0.0	0.0	0.0	0.0	0.0	0.0	0.0	0	0	0	0	0.0	0	0.0	12537764	12537764	0	DOG	III	.	.	12575401	protein_coding	gene_id "WBGene00013732"; gene_source "WormBase"; gene_biotype "protein_coding";	WBGene00013732	0	0	0	0	['WBGene00196395']	0	0	0	0.0	0	0	0	0	0	0	['WBGene00196205']	0	0	0	0	0	0	6373.0	36737	0.0	N2-J2-3__split	WormBase	12538664	-	gene
5273800	5273800	0	False	True	900	0.0	0	0	0	0.0	0	0	0	0.0	0.0	0.0	0.0	0	0	0	0	0	0	0	0.0	0.0	0.0	0.0	0.0	0.0	0.0	0.0	0.0	0.0	0.0	0.0	0.0	0.0	0.0	0.0	0	0	['WBGene00022598']	0	0.0	0	0.0	5273471	5273471	0	DOG	III	.	.	5274787	protein_coding	gene_id "WBGene00022599"; gene_source "WormBase"; gene_biotype "protein_coding";	WBGene00022599	0	0	0	0	0	0	0	0	0.0	0	0	0	0	0	0	0	0	0	0	0	0	0	329.0	987	0.0	OK80-INP_split	WormBase	5273800	-	gene
14468321	14468321	0	False	True	800	0.0	0	0	0	0.0	0	0	0	0.0	0.0	0.0	0.0	0	0	0	0	0	0	0	0.0	0.0	0.0	0.0	0.0	0.0	0.0	0.0	0.0	0.0	0.0	0.0	0.0	0.0	0.0	0.0	0	0	['WBGene00013674']	0	0.0	0	0.0	14468214	14468214	0	DOG	I	.	.	14469354	protein_coding	gene_id "WBGene00004489"; gene_source "WormBase"; gene_biotype "protein_coding";	WBGene00004489	0	0	0	0	0	0	0	0	0.0	0	0	0	0	0	['WBGene00014612']	0	0	0	0	0	0	0	107.0	1033	0.0	OK80-INP_split	WormBase	14468321	-	gene
11849951	11849951	0	False	False	800	0.0	0	0	0	0.0	['WBGene00003234']	0	0	0.0	0.0	0.0	0.0	0	0	0	0	['WBGene00003234']	0	0	0.0	0.0	0.0	0.0	0.0	0.0	0.0	0.0	0.0	0.0	0.0	0.0	0.0	0.0	0.0	0.0	0	0	0	0	0.0	0	0.0	11849151	11849151	0	DOG	III	.	.	11862249	protein_coding	gene_id "WBGene00013225"; gene_source "WormBase"; gene_biotype "protein_coding";	WBGene00013225	0	0	0	0	0	0	0	0	0.0	0	0	0	0	0	0	0	0	0	0	0	0	0	3486.0	12298	0.0	OK80-INP_split	WormBase	11849951	-	gene
12809999	12809999	0	False	True	800	0.0	0	0	0	0.0	0	0	0	0.0	0.0	0.0	0.0	0	0	0	0	0	0	0	0.0	0.0	0.0	0.0	0.0	0.0	0.0	0.0	0.0	0.0	0.0	0.0	0.0	0.0	0.0	0.0	0	0	['WBGene00012475']	0	0.0	0	0.0	12809682	12809682	0	DOG	I	.	.	12815641	protein_coding	gene_id "WBGene00012476"; gene_source "WormBase"; gene_biotype "protein_coding";	WBGene00012476	0	0	0	0	0	0	0	0	0.0	0	0	0	0	0	0	0	0	0	0	0	0	0	317.0	5642	0.0	OK8-J2-3_split	WormBase	12809999	-	gene
14412400	14412400	0	False	False	800	0.0	0	0	0	0.0	['WBGene00007614']	0	0	0.0	0.0	0.0	0.0	0	0	0	0	['WBGene00007614']	0	0	0.0	0.0	0.0	0.0	0.0	0.0	0.0	0.0	0.0	0.0	0.0	0.0	0.0	0.0	0.0	0.0	0	0	0	0	0.0	0	0.0	14411600	14411600	0	DOG	V	.	.	14415792	protein_coding	gene_id "WBGene00003834"; gene_source "WormBase"; gene_biotype "protein_coding";	WBGene00003834	0	0	0	0	0	0	0	0	0.0	0	0	0	0	0	0	0	0	0	0	0	0	0	2332.0	3392	0.0	OK80-INP_split	WormBase	14412400	-	gene
2280678	2280678	0	False	False	700	0.0	0	0	0	0.0	['WBGene00044361']	0	0	0.0	0.0	0.0	0.0	0	0	0	0	['WBGene00044361']	0	0	0.0	0.0	0.0	0.0	0.0	0.0	0.0	0.0	0.0	0.0	0.0	0.0	0.0	0.0	0.0	0.0	0	0	0	0	0.0	0	0.0	2279978	2279978	0	DOG	II	.	.	2283395	protein_coding	gene_id "WBGene00019592"; gene_source "WormBase"; gene_biotype "protein_coding";	WBGene00019592	0	0	0	0	0	0	0	0	0.0	0	0	0	0	0	0	0	0	0	0	0	0	0	1532.0	2717	0.0	OK80-INP_split	WormBase	2280678	-	gene
8854993	8854993	0	False	False	700	0.0	0	0	0	0.0	0	0	0	0.0	0.0	0.0	0.0	0	0	0	0	0	0	0	0.0	0.0	0.0	0.0	0.0	0.0	0.0	0.0	0.0	0.0	0.0	0.0	0.0	0.0	0.0	0.0	0	0	0	0	0.0	0	0.0	8854293	8854293	0	DOG	V	.	.	8862049	protein_coding	gene_id "WBGene00017190"; gene_source "WormBase"; gene_biotype "protein_coding";	WBGene00017190	0	0	0	0	0	0	0	0	0.0	0	0	0	0	0	0	0	0	0	0	0	0	0	1562.0	7056	0.0	OK8-J2-1_split	WormBase	8854993	-	gene
2483004	2483004	0	False	False	700	0.0	0	0	0	0.0	0	0	0	0.0	0.0	0.0	0.0	0	0	0	0	0	0	0	0.0	0.0	0.0	0.0	0.0	0.0	0.0	0.0	0.0	0.0	0.0	0.0	0.0	0.0	0.0	0.0	0	0	0	0	0.0	0	0.0	2482304	2482304	0	DOG	V	.	.	2494791	protein_coding	gene_id "WBGene00015273"; gene_source "WormBase"; gene_biotype "protein_coding";	WBGene00015273	0	0	0	0	0	0	['WBGene00015272']	0	0.0	0	0	0	0	0	0	0	0	0	0	0	0	0	1658.0	11787	0.0	OK80-INP_split	WormBase	2483004	-	gene
2375043	2375043	0	False	False	700	0.0	0	0	0	0.0	0	0	0	0.0	0.0	0.0	0.0	0	0	0	0	0	0	0	0.0	0.0	0.0	0.0	0.0	0.0	0.0	0.0	0.0	0.0	0.0	0.0	0.0	0.0	0.0	0.0	0	0	0	0	0.0	0	0.0	2374343	2374343	0	DOG	V	.	.	2379505	protein_coding	gene_id "WBGene00021227"; gene_source "WormBase"; gene_biotype "protein_coding";	WBGene00021227	0	0	0	0	0	0	0	0	0.0	0	0	0	0	0	0	0	0	0	0	0	0	0	1658.0	4462	0.0	OK80-INP_split	WormBase	2375043	-	gene
1078150	1078150	0	False	False	700	0.0	0	0	0	0.0	0	0	0	0.0	0.0	0.0	0.0	0	0	0	0	0	0	0	0.0	0.0	0.0	0.0	0.0	0.0	0.0	0.0	0.0	0.0	0.0	0.0	0.0	0.0	0.0	0.0	0	0	0	0	0.0	0	0.0	1077450	1077450	0	DOG	III	.	.	1080775	protein_coding	gene_id "WBGene00004277"; gene_source "WormBase"; gene_biotype "protein_coding";	WBGene00004277	0	0	0	0	0	0	0	0	0.0	0	0	0	0	0	0	0	0	0	0	0	0	0	1595.0	2625	0.0	OK80-INP_split	WormBase	1078150	-	gene
9063588	9063588	0	False	True	700	0.0	0	0	0	0.0	0	0	0	0.0	0.0	0.0	0.0	0	0	0	0	0	0	0	0.0	0.0	0.0	0.0	0.0	0.0	0.0	0.0	0.0	0.0	0.0	0.0	0.0	0.0	0.0	0.0	0	0	['WBGene00012298']	0	0.0	0	0.0	9063160	9063160	0	DOG	I	.	.	9064403	protein_coding	gene_id "WBGene00006503"; gene_source "WormBase"; gene_biotype "protein_coding";	WBGene00006503	0	0	0	0	0	0	0	0	0.0	0	0	0	0	0	0	0	0	0	0	0	0	0	428.0	815	0.0	OK80-INP_split	WormBase	9063588	-	gene
4517643	4517643	0	False	False	600	0.0	0	0	0	0.0	0	0	0	0.0	0.0	0.0	0.0	0	0	0	0	0	0	0	0.0	0.0	0.0	0.0	0.0	0.0	0.0	0.0	0.0	0.0	0.0	0.0	0.0	0.0	0.0	0.0	0	0	0	0	0.0	0	0.0	4517043	4517043	0	DOG	V	.	.	4549291	protein_coding	gene_id "WBGene00004947"; gene_source "WormBase"; gene_biotype "protein_coding";	WBGene00004947	0	0	0	0	['WBGene00197125']	0	0	0	0.0	0	0	0	0	0	0	0	0	0	0	0	0	0	36097.0	31648	0.0	N2-J2-2__split	WormBase	4517643	-	gene
12224487	12224487	0	False	False	600	0.0	0	0	0	0.0	['WBGene00013551']	0	0	0.0	0.0	0.0	0.0	0	0	0	0	['WBGene00013551']	0	0	0.0	0.0	0.0	0.0	0.0	0.0	0.0	0.0	0.0	0.0	0.0	0.0	0.0	0.0	0.0	0.0	0	0	0	0	0.0	0	0.0	12223887	12223887	0	DOG	III	.	.	12225331	protein_coding	gene_id "WBGene00013552"; gene_source "WormBase"; gene_biotype "protein_coding";	WBGene00013552	0	0	0	0	0	0	0	0	0.0	0	0	0	0	0	0	0	0	0	0	0	0	0	5853.0	844	0.0	OK80-INP_split	WormBase	12224487	-	gene
8895101	8895101	0	True	False	600	0.0	0	0	0	0.0	0	0	0	0.0	0.0	0.0	0.0	0	0	0	0	0	0	0	0.0	0.0	0.0	0.0	0.0	0.0	0.0	0.0	0.0	0.0	0.0	0.0	0.0	0.0	0.0	0.0	0	0	0	0	0.0	0	0.0	8894501	8894501	0	DOG	V	.	.	8895472	protein_coding	gene_id "WBGene00001894"; gene_source "WormBase"; gene_biotype "protein_coding";	WBGene00001894	0	0	0	0	0	0	0	0	0.0	0	0	0	0	0	0	0	0	0	0	0	0	0	2618.0	371	0.0	N2-J2-2__split	WormBase	8895101	-	gene
8853006	8853006	0	False	False	600	0.0	0	0	0	0.0	0	0	0	0.0	0.0	0.0	0.0	0	0	0	0	0	0	0	0.0	0.0	0.0	0.0	0.0	0.0	0.0	0.0	0.0	0.0	0.0	0.0	0.0	0.0	0.0	0.0	0	0	0	0	0.0	0	0.0	8852406	8852406	0	DOG	V	.	.	8853431	protein_coding	gene_id "WBGene00001928"; gene_source "WormBase"; gene_biotype "protein_coding";	WBGene00001928	0	0	0	0	0	0	0	0	0.0	0	0	0	0	0	0	0	0	0	0	0	0	0	2835.0	425	0.0	N2-J2-2__split	WormBase	8853006	-	gene
12077788	12077788	0	False	True	600	0.0	0	0	0	0.0	0	0	0	0.0	0.0	0.0	0.0	0	0	0	0	0	0	0	0.0	0.0	0.0	0.0	0.0	0.0	0.0	0.0	0.0	0.0	0.0	0.0	0.0	0.0	0.0	0.0	0	0	['WBGene00004024']	0	0.0	0	0.0	12077556	12077556	0	DOG	III	.	.	12084320	protein_coding	gene_id "WBGene00003779"; gene_source "WormBase"; gene_biotype "protein_coding";	WBGene00003779	0	0	0	0	0	0	0	0	0.0	0	0	0	0	0	0	0	0	0	0	0	0	0	232.0	6532	0.0	OK8-J2-1_split	WormBase	12077788	-	gene
8753195	8753195	0	False	True	600	0.0	0	0	0	0.0	0	0	0	0.0	0.0	0.0	0.0	0	0	0	0	['WBGene00004051']	0	0	0.0	0.0	0.0	0.0	0.0	0.0	0.0	0.0	0.0	0.0	0.0	0.0	0.0	0.0	0.0	0.0	['WBGene00219908']	0	0	0	0.0	0	0.0	8752860	8752860	0	DOG	IV	.	.	8754823	protein_coding	gene_id "WBGene00008968"; gene_source "WormBase"; gene_biotype "protein_coding";	WBGene00008968	0	0	0	0	0	0	0	0	0.0	0	0	0	0	0	0	0	0	0	0	0	0	0	335.0	1628	0.0	OK8-J2-2_split	WormBase	8753195	-	gene
15060861	15060861	0	False	False	600	0.0	0	0	0	0.0	0	['WBGene00004677']	0	0.0	0.0	0.0	0.0	0	0	0	0	0	['WBGene00004677']	0	0.0	0.0	0.0	0.0	0.0	0.0	0.0	0.0	0.0	0.0	0.0	0.0	0.0	0.0	0.0	0.0	0	0	0	0	0.0	0	0.0	15060261	15060261	0	DOG	I	.	.	15061159	ncRNA	gene_id "WBGene00201398"; gene_source "WormBase"; gene_biotype "ncRNA";	WBGene00201398	0	0	0	0	0	0	0	0	0.0	0	0	0	0	0	0	0	0	0	0	0	0	0	1858.0	298	0.0	N2-J2-1__split	WormBase	15060861	-	gene
995288	995288	0	False	False	600	0.0	0	0	0	0.0	['WBGene00043327']	0	0	0.0	0.0	0.0	0.0	0	0	0	0	['WBGene00043327']	0	0	0.0	0.0	0.0	0.0	0.0	0.0	0.0	0.0	0.0	0.0	0.0	0.0	0.0	0.0	0.0	0.0	0	0	0	0	0.0	0	0.0	994688	994688	0	DOG	II	.	.	996212	protein_coding	gene_id "WBGene00043328"; gene_source "WormBase"; gene_biotype "protein_coding";	WBGene00043328	0	0	0	0	0	0	0	0	0.0	0	0	0	0	0	0	0	0	0	0	0	0	0	16337.0	924	0.0	OK8-J2-2_split	WormBase	995288	-	gene
12052424	12052424	0	False	True	600	0.0	0	0	0	0.0	0	0	0	0.0	0.0	0.0	0.0	0	0	0	0	0	0	0	0.0	0.0	0.0	0.0	0.0	0.0	0.0	0.0	0.0	0.0	0.0	0.0	0.0	0.0	0.0	0.0	0	0	['WBGene00013580']	0	0.0	0	0.0	12052303	12052303	0	DOG	III	.	.	12058458	protein_coding	gene_id "WBGene00000201"; gene_source "WormBase"; gene_biotype "protein_coding";	WBGene00000201	0	0	0	0	0	0	0	0	0.0	0	0	0	0	0	0	0	0	0	0	0	0	0	121.0	6034	0.0	OK80-INP_split	WormBase	12052424	-	gene
5348096	5348096	0	False	False	500	0.0	0	0	0	0.0	0	0	0	0.0	0.0	0.0	0.0	0	0	0	0	0	0	0	0.0	0.0	0.0	0.0	0.0	0.0	0.0	0.0	0.0	0.0	0.0	0.0	0.0	0.0	0.0	0.0	0	0	0	0	0.0	0	0.0	5347596	5347596	0	DOG	II	.	.	5350546	protein_coding	gene_id "WBGene00017288"; gene_source "WormBase"; gene_biotype "protein_coding";	WBGene00017288	0	0	0	0	0	0	0	0	0.0	0	0	0	0	0	0	0	0	0	0	0	0	0	3221.0	2450	0.0	OK8-J2-1_split	WormBase	5348096	-	gene
10844313	10844313	0	False	False	500	0.0	0	0	0	0.0	0	0	0	0.0	0.0	0.0	0.0	0	0	0	0	0	0	0	0.0	0.0	0.0	0.0	0.0	0.0	0.0	0.0	0.0	0.0	0.0	0.0	0.0	0.0	0.0	0.0	0	0	0	0	0.0	0	0.0	10843813	10843813	0	DOG	II	.	.	10855554	protein_coding	gene_id "WBGene00010910"; gene_source "WormBase"; gene_biotype "protein_coding";	WBGene00010910	0	0	0	0	0	0	0	0	0.0	0	0	0	0	0	0	0	0	0	0	0	0	0	688.0	11241	0.0	OK8-J2-1_split	WormBase	10844313	-	gene
11363194	11363194	0	True	False	500	0.0	0	0	0	0.0	0	0	0	0.0	0.0	0.0	0.0	0	0	0	0	0	0	0	0.0	0.0	0.0	0.0	0.0	0.0	0.0	0.0	0.0	0.0	0.0	0.0	0.0	0.0	0.0	0.0	0	0	0	0	0.0	0	0.0	11362694	11362694	0	DOG	IV	.	.	11363266	pseudogene	gene_id "WBGene00014829"; gene_source "WormBase"; gene_biotype "pseudogene";	WBGene00014829	0	0	0	0	0	0	0	0	0.0	0	0	0	0	0	0	0	0	0	0	0	0	0	1685.0	72	0.0	N2-J2-1__split	WormBase	11363194	-	gene
15064267	15064267	0	False	False	500	0.0	0	0	0	0.0	0	0	0	0.0	0.0	0.0	0.0	0	0	0	0	0	0	0	0.0	0.0	0.0	0.0	0.0	0.0	0.0	0.0	0.0	0.0	0.0	0.0	0.0	0.0	0.0	0.0	0	0	0	0	0.0	0	0.0	15063767	15063767	0	DOG	II	.	.	15071671	protein_coding	gene_id "WBGene00013164"; gene_source "WormBase"; gene_biotype "protein_coding";	WBGene00013164	0	0	0	0	0	0	0	0	0.0	0	0	0	0	0	0	0	0	0	0	0	0	0	8549.0	7404	0.0	OK8-J2-1_split	WormBase	15064267	-	gene
6422459	6422459	0	False	False	500	0.0	0	0	0	0.0	0	0	0	0.0	0.0	0.0	0.0	0	0	0	0	0	0	0	0.0	0.0	0.0	0.0	0.0	0.0	0.0	0.0	0.0	0.0	0.0	0.0	0.0	0.0	0.0	0.0	0	0	0	0	0.0	0	0.0	6421959	6421959	0	DOG	III	.	.	6427305	protein_coding	gene_id "WBGene00015485"; gene_source "WormBase"; gene_biotype "protein_coding";	WBGene00015485	0	0	0	0	0	0	0	0	0.0	0	0	0	0	0	0	0	0	0	0	0	0	0	574.0	4846	0.0	N2-J2-2__split	WormBase	6422459	-	gene
2870608	2870608	0	False	False	500	0.0	0	0	0	0.0	['WBGene00022115']	0	0	0.0	0.0	0.0	0.0	0	0	0	0	['WBGene00022115']	0	0	0.0	0.0	0.0	0.0	0.0	0.0	0.0	0.0	0.0	0.0	0.0	0.0	0.0	0.0	0.0	0.0	0	0	0	0	0.0	0	0.0	2870108	2870108	0	DOG	I	.	.	2875289	protein_coding	gene_id "WBGene00022117"; gene_source "WormBase"; gene_biotype "protein_coding";	WBGene00022117	0	0	0	0	0	0	0	0	0.0	0	0	0	0	0	0	0	0	0	0	0	0	0	6547.0	4681	0.0	OK8-J2-1_split	WormBase	2870608	-	gene
4645641	4645641	0	False	False	500	0.0	0	0	0	0.0	['WBGene00015008']	0	0	0.0	0.0	0.0	0.0	0	0	0	0	['WBGene00015008']	0	0	0.0	0.0	0.0	0.0	0.0	0.0	0.0	0.0	0.0	0.0	0.0	0.0	0.0	0.0	0.0	0.0	0	0	0	0	0.0	0	0.0	4645141	4645141	0	DOG	I	.	.	4646963	protein_coding	gene_id "WBGene00004415"; gene_source "WormBase"; gene_biotype "protein_coding";	WBGene00004415	0	0	0	0	0	0	0	0	0.0	0	0	0	0	0	0	0	0	0	0	0	['WBGene00045087']	0	1572.0	1322	0.0	N2WT_INP_split	WormBase	4645641	-	gene
3735929	3735929	0	False	False	500	0.0	0	0	0	0.0	0	0	0	0.0	0.0	0.0	0.0	0	0	0	0	0	0	0	0.0	0.0	0.0	0.0	0.0	0.0	0.0	0.0	0.0	0.0	0.0	0.0	0.0	0.0	0.0	0.0	0	0	0	0	0.0	0	0.0	3735429	3735429	0	DOG	II	.	.	3736943	protein_coding	gene_id "WBGene00017407"; gene_source "WormBase"; gene_biotype "protein_coding";	WBGene00017407	0	0	0	0	0	0	0	0	0.0	0	0	0	0	0	0	0	0	0	0	0	0	0	4381.0	1014	0.0	OK8-J2-1_split	WormBase	3735929	-	gene
464715	464715	0	False	False	500	0.0	0	0	0	0.0	0	0	0	0.0	0.0	0.0	0.0	0	0	0	0	0	0	0	0.0	0.0	0.0	0.0	0.0	0.0	0.0	0.0	0.0	0.0	0.0	0.0	0.0	0.0	0.0	0.0	0	0	0	0	0.0	0	0.0	464215	464215	0	DOG	III	.	.	471702	protein_coding	gene_id "WBGene00021914"; gene_source "WormBase"; gene_biotype "protein_coding";	WBGene00021914	0	0	0	0	0	0	0	0	0.0	0	0	0	0	0	0	0	0	0	0	0	0	0	904.0	6987	0.0	OK8-J2-1_split	WormBase	464715	-	gene
15072266	15072266	0	True	False	500	0.0	0	0	0	0.0	0	0	0	0.0	0.0	0.0	0.0	0	0	0	0	0	0	0	0.0	0.0	0.0	0.0	0.0	0.0	0.0	0.0	0.0	0.0	0.0	0.0	0.0	0.0	0.0	0.0	0	0	0	0	0.0	0	0.0	15071766	15071766	0	DOG	I	.	.	15072426	ncRNA	gene_id "WBGene00201669"; gene_source "WormBase"; gene_biotype "ncRNA";	WBGene00201669	0	0	0	0	0	0	0	0	0.0	0	0	0	0	0	0	0	0	0	0	0	0	0	1686.0	160	0.0	OK80-INP_split	WormBase	15072266	-	gene
14400679	14400679	0	False	False	500	0.0	0	0	0	0.0	['WBGene00002977']	0	0	0.0	0.0	0.0	0.0	0	0	0	0	['WBGene00002977']	0	0	0.0	0.0	0.0	0.0	0.0	0.0	0.0	0.0	0.0	0.0	0.0	0.0	0.0	0.0	0.0	0.0	0	0	0	0	0.0	0	0.0	14400179	14400179	0	DOG	I	.	.	14405649	protein_coding	gene_id "WBGene00013669"; gene_source "WormBase"; gene_biotype "protein_coding";	WBGene00013669	0	0	0	0	0	0	0	0	0.0	0	0	0	0	0	0	0	0	0	0	0	0	0	15942.0	4970	0.0	OK80-INP_split	WormBase	14400679	-	gene
1259374	1259374	0	False	False	500	0.0	0	0	0	0.0	0	0	0	0.0	0.0	0.0	0.0	0	0	0	0	0	0	0	0.0	0.0	0.0	0.0	0.0	0.0	0.0	0.0	0.0	0.0	0.0	0.0	0.0	0.0	0.0	0.0	0	0	0	0	0.0	0	0.0	1258874	1258874	0	DOG	I	.	.	1268155	protein_coding	gene_id "WBGene00001707"; gene_source "WormBase"; gene_biotype "protein_coding";	WBGene00001707	0	0	0	0	0	0	0	0	0.0	0	0	0	0	0	0	0	0	0	0	0	0	0	8052.0	8781	0.0	N2-J2-3__split	WormBase	1259374	-	gene
10842658	10842658	0	False	False	500	0.0	0	0	0	0.0	0	0	0	0.0	0.0	0.0	0.0	0	0	0	0	0	0	0	0.0	0.0	0.0	0.0	0.0	0.0	0.0	0.0	0.0	0.0	0.0	0.0	0.0	0.0	0.0	0.0	0	0	0	0	0.0	0	0.0	10842158	10842158	0	DOG	X	.	.	10844674	protein_coding	gene_id "WBGene00007317"; gene_source "WormBase"; gene_biotype "protein_coding";	WBGene00007317	0	0	0	0	['WBGene00198700']	0	0	0	0.0	0	0	0	0	0	0	['WBGene00199056']	0	0	0	0	0	0	4008.0	2016	0.0	OK80-INP_split	WormBase	10842658	-	gene
12123200	12123200	0	False	False	500	0.0	0	0	0	0.0	0	0	0	0.0	0.0	0.0	0.0	0	0	0	0	0	0	0	0.0	0.0	0.0	0.0	0.0	0.0	0.0	0.0	0.0	0.0	0.0	0.0	0.0	0.0	0.0	0.0	0	0	0	0	0.0	0	0.0	12122700	12122700	0	DOG	III	.	.	12123256	ncRNA	gene_id "WBGene00220207"; gene_source "WormBase"; gene_biotype "ncRNA";	WBGene00220207	0	0	0	0	0	0	0	0	0.0	0	0	0	0	0	0	0	0	0	0	0	0	0	4730.0	56	0.0	OK80-INP_split	WormBase	12123200	-	gene
11064370	11064370	0	False	False	500	0.0	0	0	0	0.0	['WBGene00206530']	0	0	0.0	0.0	0.0	0.0	0	0	0	0	['WBGene00206530']	0	0	0.0	0.0	0.0	0.0	0.0	0.0	0.0	0.0	0.0	0.0	0.0	0.0	0.0	0.0	0.0	0.0	0	0	0	0	0.0	0	0.0	11063870	11063870	0	DOG	I	.	.	11064636	pseudogene	gene_id "WBGene00077687"; gene_source "WormBase"; gene_biotype "pseudogene";	WBGene00077687	0	0	0	0	0	0	0	0	0.0	0	0	0	0	0	0	0	0	0	0	0	0	0	25513.0	266	0.0	N2-J2-1__split	WormBase	11064370	-	gene
867512	867512	0	False	False	500	0.0	0	0	0	0.0	0	0	0	0.0	0.0	0.0	0.0	0	0	0	0	0	0	0	0.0	0.0	0.0	0.0	0.0	0.0	0.0	0.0	0.0	0.0	0.0	0.0	0.0	0.0	0.0	0.0	0	0	0	0	0.0	0	0.0	867012	867012	0	DOG	III	.	.	869987	protein_coding	gene_id "WBGene00020758"; gene_source "WormBase"; gene_biotype "protein_coding";	WBGene00020758	0	0	0	0	0	0	0	0	0.0	0	0	0	0	0	0	0	0	0	0	0	0	0	13603.0	2475	0.0	N2-J2-1__split	WormBase	867512	-	gene
7225132	7225132	0	False	False	400	0.0	0	0	0	0.0	['WBGene00015741']	0	0	0.0	0.0	0.0	0.0	0	0	0	0	['WBGene00015741']	0	0	0.0	0.0	0.0	0.0	0.0	0.0	0.0	0.0	0.0	0.0	0.0	0.0	0.0	0.0	0.0	0.0	0	0	0	0	0.0	0	0.0	7224732	7224732	0	DOG	V	.	.	7225333	ncRNA	gene_id "WBGene00197520"; gene_source "WormBase"; gene_biotype "ncRNA";	WBGene00197520	0	0	0	0	0	0	0	0	0.0	0	0	0	0	0	0	0	0	0	0	0	0	0	1853.0	201	0.0	OK80-INP_split	WormBase	7225132	-	gene
8697923	8697923	0	False	False	400	0.0	0	0	0	0.0	['WBGene00009565']	0	0	0.0	0.0	0.0	0.0	0	0	0	0	['WBGene00009565']	0	0	0.0	0.0	0.0	0.0	0.0	0.0	0.0	0.0	0.0	0.0	0.0	0.0	0.0	0.0	0.0	0.0	0	0	0	0	0.0	0	0.0	8697523	8697523	0	DOG	I	.	.	8701971	protein_coding	gene_id "WBGene00006577"; gene_source "WormBase"; gene_biotype "protein_coding";	WBGene00006577	0	0	0	0	0	0	0	0	0.0	0	0	0	0	0	0	0	0	0	0	0	0	0	1547.0	4048	0.0	OK80-INP_split	WormBase	8697923	-	gene
20267377	20267377	0	False	True	400	0.0	0	0	0	0.0	0	0	0	0.0	0.0	0.0	0.0	0	0	0	0	0	0	0	0.0	0.0	0.0	0.0	0.0	0.0	0.0	0.0	0.0	0.0	0.0	0.0	0.0	0.0	0.0	0.0	0	0	['WBGene00007017']	0	0.0	0	0.0	20267244	20267244	0	DOG	V	.	.	20269711	protein_coding	gene_id "WBGene00013766"; gene_source "WormBase"; gene_biotype "protein_coding";	WBGene00013766	0	0	0	0	0	0	0	0	0.0	0	0	0	0	0	0	0	0	0	0	0	0	0	133.0	2334	0.0	OK80-INP_split	WormBase	20267377	-	gene
14346877	14346877	0	False	False	400	0.0	0	0	0	0.0	0	0	0	0.0	0.0	0.0	0.0	0	0	0	0	0	0	0	0.0	0.0	0.0	0.0	0.0	0.0	0.0	0.0	0.0	0.0	0.0	0.0	0.0	0.0	0.0	0.0	0	0	0	0	0.0	0	0.0	14346477	14346477	0	DOG	II	.	.	14348792	protein_coding	gene_id "WBGene00002996"; gene_source "WormBase"; gene_biotype "protein_coding";	WBGene00002996	0	0	0	0	0	0	0	0	0.0	0	0	0	0	0	0	0	0	0	0	0	0	0	439.0	1915	0.0	N2-J2-1__split	WormBase	14346877	-	gene
16838444	16838444	0	False	True	400	0.0	0	0	0	0.0	0	0	0	0.0	0.0	0.0	0.0	0	0	0	['WBGene00045751']	0	0	0	0.0	0.0	0.0	0.0	0.0	0.0	0.0	0.0	0.0	0.0	0.0	0.0	0.0	0.0	0.0	0.0	0	['WBGene00045602']	0	0	0.0	0	0.0	16838305	16838305	0	DOG	IV	.	.	16838464	piRNA	gene_id "WBGene00167610"; gene_source "WormBase"; gene_biotype "piRNA";	WBGene00167610	0	0	0	0	0	0	0	0	0.0	0	0	0	0	0	0	0	0	0	0	0	0	0	139.0	20	0.0	OK80-INP_split	WormBase	16838444	-	gene
212256	212256	0	False	False	400	0.0	0	0	0	0.0	0	0	0	0.0	0.0	0.0	0.0	0	0	0	0	0	0	0	0.0	0.0	0.0	0.0	0.0	0.0	0.0	0.0	0.0	0.0	0.0	0.0	0.0	0.0	0.0	0.0	0	0	0	0	0.0	0	0.0	211856	211856	0	DOG	I	.	.	215491	pseudogene	gene_id "WBGene00004246"; gene_source "WormBase"; gene_biotype "pseudogene";	WBGene00004246	0	0	0	0	0	0	0	0	0.0	0	0	0	0	0	0	0	0	0	0	0	0	0	29484.0	3235	0.0	OK80-INP_split	WormBase	212256	-	gene
2290896	2290896	0	False	False	400	0.0	0	0	0	0.0	0	0	0	0.0	0.0	0.0	0.0	0	0	0	0	0	0	0	0.0	0.0	0.0	0.0	0.0	0.0	0.0	0.0	0.0	0.0	0.0	0.0	0.0	0.0	0.0	0.0	0	0	0	0	0.0	0	0.0	2290496	2290496	0	DOG	II	.	.	2292184	protein_coding	gene_id "WBGene00019590"; gene_source "WormBase"; gene_biotype "protein_coding";	WBGene00019590	0	0	0	0	0	0	0	0	0.0	0	0	0	0	0	0	0	0	0	0	0	0	0	670.0	1288	0.0	N2-J2-1__split	WormBase	2290896	-	gene
3666923	3666923	0	False	False	400	0.0	0	0	0	0.0	0	0	0	0.0	0.0	0.0	0.0	0	0	0	0	0	0	0	0.0	0.0	0.0	0.0	0.0	0.0	0.0	0.0	0.0	0.0	0.0	0.0	0.0	0.0	0.0	0.0	0	0	0	0	0.0	0	0.0	3666523	3666523	0	DOG	I	.	.	3671700	protein_coding	gene_id "WBGene00004890"; gene_source "WormBase"; gene_biotype "protein_coding";	WBGene00004890	0	0	0	0	0	0	0	0	0.0	0	0	0	0	0	0	0	0	0	0	0	0	0	4740.0	4777	0.0	OK8-J2-2_split	WormBase	3666923	-	gene
12095777	12095777	0	False	False	400	0.0	0	0	0	0.0	0	0	0	0.0	0.0	0.0	0.0	0	0	0	0	0	0	0	0.0	0.0	0.0	0.0	0.0	0.0	0.0	0.0	0.0	0.0	0.0	0.0	0.0	0.0	0.0	0.0	0	0	0	0	0.0	0	0.0	12095377	12095377	0	DOG	I	.	.	12097987	protein_coding	gene_id "WBGene00012961"; gene_source "WormBase"; gene_biotype "protein_coding";	WBGene00012961	0	0	0	0	0	0	0	0	0.0	0	0	0	0	0	0	0	0	0	0	0	0	0	1037.0	2210	0.0	OK80-INP_split	WormBase	12095777	-	gene
2284810	2284810	0	False	False	400	0.0	0	0	0	0.0	0	0	0	0.0	0.0	0.0	0.0	0	0	0	0	0	0	0	0.0	0.0	0.0	0.0	0.0	0.0	0.0	0.0	0.0	0.0	0.0	0.0	0.0	0.0	0.0	0.0	0	0	0	0	0.0	0	0.0	2284410	2284410	0	DOG	II	.	.	2284919	miRNA	gene_id "WBGene00219267"; gene_source "WormBase"; gene_biotype "miRNA";	WBGene00219267	0	0	0	0	0	0	0	0	0.0	0	0	0	0	0	0	0	0	0	0	0	0	0	1415.0	109	0.0	OK80-INP_split	WormBase	2284810	-	gene
2822737	2822737	0	False	False	400	0.0	0	0	0	0.0	0	0	0	0.0	0.0	0.0	0.0	0	0	0	0	0	0	0	0.0	0.0	0.0	0.0	0.0	0.0	0.0	0.0	0.0	0.0	0.0	0.0	0.0	0.0	0.0	0.0	0	0	0	0	0.0	0	0.0	2822337	2822337	0	DOG	I	.	.	2822836	ncRNA	gene_id "WBGene00220118"; gene_source "WormBase"; gene_biotype "ncRNA";	WBGene00220118	0	0	0	0	0	0	0	0	0.0	0	0	0	0	0	0	0	0	0	0	0	0	0	437.0	99	0.0	N2-J2-1__split	WormBase	2822737	-	gene
8773952	8773952	0	False	False	400	0.0	0	0	0	0.0	0	0	0	0.0	0.0	0.0	0.0	0	0	0	0	0	0	0	0.0	0.0	0.0	0.0	0.0	0.0	0.0	0.0	0.0	0.0	0.0	0.0	0.0	0.0	0.0	0.0	0	0	0	0	0.0	0	0.0	8773552	8773552	0	DOG	IV	.	.	8775274	pseudogene	gene_id "WBGene00007902"; gene_source "WormBase"; gene_biotype "pseudogene";	WBGene00007902	0	0	0	0	0	0	0	0	0.0	0	0	0	0	0	0	0	0	0	0	0	0	0	746.0	1322	0.0	OK80-INP_split	WormBase	8773952	-	gene
4355332	4355332	0	True	False	400	0.0	0	0	0	0.0	['WBGene00000140']	0	0	0.0	0.0	0.0	0.0	0	0	0	0	['WBGene00000140']	0	0	0.0	0.0	0.0	0.0	0.0	0.0	0.0	0.0	0.0	0.0	0.0	0.0	0.0	0.0	0.0	0.0	0	0	0	0	0.0	0	0.0	4354932	4354932	0	DOG	I	.	.	4355481	ncRNA	gene_id "WBGene00195350"; gene_source "WormBase"; gene_biotype "ncRNA";	WBGene00195350	0	0	0	0	0	0	0	0	0.0	0	0	0	0	0	0	0	0	0	0	0	0	0	2438.0	149	0.0	N2-J2-3__split	WormBase	4355332	-	gene
873164	873164	0	False	False	400	0.0	0	0	0	0.0	0	0	0	0.0	0.0	0.0	0.0	0	0	0	0	0	0	0	0.0	0.0	0.0	0.0	0.0	0.0	0.0	0.0	0.0	0.0	0.0	0.0	0.0	0.0	0.0	0.0	0	0	0	0	0.0	0	0.0	872764	872764	0	DOG	I	.	.	882713	protein_coding	gene_id "WBGene00022389"; gene_source "WormBase"; gene_biotype "protein_coding";	WBGene00022389	0	0	0	0	0	0	0	0	0.0	0	0	0	0	0	0	0	0	0	0	0	0	0	26401.0	9549	0.0	N2-J2-1__split	WormBase	873164	-	gene
14869606	14869606	0	False	False	400	0.0	0	0	0	0.0	0	0	0	0.0	0.0	0.0	0.0	0	0	0	0	0	0	0	0.0	0.0	0.0	0.0	0.0	0.0	0.0	0.0	0.0	0.0	0.0	0.0	0.0	0.0	0.0	0.0	0	0	0	0	0.0	0	0.0	14869206	14869206	0	DOG	X	.	.	14870675	protein_coding	gene_id "WBGene00009301"; gene_source "WormBase"; gene_biotype "protein_coding";	WBGene00009301	0	0	0	0	0	0	0	0	0.0	0	0	0	0	0	0	0	0	0	0	0	0	0	1306.0	1069	0.0	N2WT_INP_split	WormBase	14869606	-	gene
9391270	9391270	0	False	False	400	0.0	0	0	0	0.0	0	0	0	0.0	0.0	0.0	0.0	0	0	0	0	0	0	0	0.0	0.0	0.0	0.0	0.0	0.0	0.0	0.0	0.0	0.0	0.0	0.0	0.0	0.0	0.0	0.0	0	0	0	0	0.0	0	0.0	9390870	9390870	0	DOG	III	.	.	9393164	protein_coding	gene_id "WBGene00001689"; gene_source "WormBase"; gene_biotype "protein_coding";	WBGene00001689	0	0	0	0	0	0	0	0	0.0	0	0	0	0	0	0	0	0	0	0	0	0	0	1163.0	1894	0.0	OK80-INP_split	WormBase	9391270	-	gene
5169933	5169933	0	False	True	400	0.0	0	0	0	0.0	0	0	0	0.0	0.0	0.0	0.0	0	0	0	0	0	0	0	0.0	0.0	0.0	0.0	0.0	0.0	0.0	0.0	0.0	0.0	0.0	0.0	0.0	0.0	0.0	0.0	0	0	['WBGene00006736']	0	0.0	0	0.0	5169799	5169799	0	DOG	III	.	.	5172045	protein_coding	gene_id "WBGene00020423"; gene_source "WormBase"; gene_biotype "protein_coding";	WBGene00020423	0	0	0	0	0	0	0	0	0.0	0	0	0	0	0	0	0	0	0	0	0	0	0	134.0	2112	0.0	OK80-INP_split	WormBase	5169933	-	gene
5008933	5008933	0	False	True	400	0.0	0	0	0	0.0	0	0	0	0.0	0.0	0.0	0.0	0	0	0	0	0	0	0	0.0	0.0	0.0	0.0	0.0	0.0	0.0	0.0	0.0	0.0	0.0	0.0	0.0	0.0	0.0	0.0	0	0	['WBGene00020099']	0	0.0	0	0.0	5008830	5008830	0	DOG	III	.	.	5017860	protein_coding	gene_id "WBGene00020097"; gene_source "WormBase"; gene_biotype "protein_coding";	WBGene00020097	0	0	0	0	0	0	0	0	0.0	0	0	0	0	0	0	0	0	0	0	0	['WBGene00220050']	0	103.0	8927	0.0	OK80-INP_split	WormBase	5008933	-	gene
4346671	4346671	0	True	False	400	0.0	0	0	0	0.0	['WBGene00000140']	0	0	0.0	0.0	0.0	0.0	0	0	0	0	['WBGene00000140']	0	0	0.0	0.0	0.0	0.0	0.0	0.0	0.0	0.0	0.0	0.0	0.0	0.0	0.0	0.0	0.0	0.0	0	0	0	0	0.0	0	0.0	4346271	4346271	0	DOG	I	.	.	4346820	ncRNA	gene_id "WBGene00198205"; gene_source "WormBase"; gene_biotype "ncRNA";	WBGene00198205	0	0	0	0	0	0	0	0	0.0	0	0	0	0	0	0	0	0	0	0	0	0	0	2591.0	149	0.0	N2-J2-3__split	WormBase	4346671	-	gene
4352445	4352445	0	True	False	400	0.0	0	0	0	0.0	['WBGene00000140']	0	0	0.0	0.0	0.0	0.0	0	0	0	0	['WBGene00000140']	0	0	0.0	0.0	0.0	0.0	0.0	0.0	0.0	0.0	0.0	0.0	0.0	0.0	0.0	0.0	0.0	0.0	0	0	0	0	0.0	0	0.0	4352045	4352045	0	DOG	I	.	.	4352594	ncRNA	gene_id "WBGene00199607"; gene_source "WormBase"; gene_biotype "ncRNA";	WBGene00199607	0	0	0	0	0	0	0	0	0.0	0	0	0	0	0	0	0	0	0	0	0	0	0	2438.0	149	0.0	N2-J2-3__split	WormBase	4352445	-	gene
4349558	4349558	0	True	False	400	0.0	0	0	0	0.0	['WBGene00000140']	0	0	0.0	0.0	0.0	0.0	0	0	0	0	['WBGene00000140']	0	0	0.0	0.0	0.0	0.0	0.0	0.0	0.0	0.0	0.0	0.0	0.0	0.0	0.0	0.0	0.0	0.0	0	0	0	0	0.0	0	0.0	4349158	4349158	0	DOG	I	.	.	4349707	ncRNA	gene_id "WBGene00199757"; gene_source "WormBase"; gene_biotype "ncRNA";	WBGene00199757	0	0	0	0	0	0	0	0	0.0	0	0	0	0	0	0	0	0	0	0	0	0	0	2438.0	149	0.0	N2-J2-3__split	WormBase	4349558	-	gene
4343631	4343631	0	False	False	400	0.0	0	0	0	0.0	['WBGene00000140']	0	0	0.0	0.0	0.0	0.0	0	0	0	0	['WBGene00000140']	0	0	0.0	0.0	0.0	0.0	0.0	0.0	0.0	0.0	0.0	0.0	0.0	0.0	0.0	0.0	0.0	0.0	0	0	0	0	0.0	0	0.0	4343231	4343231	0	DOG	I	.	.	4343780	ncRNA	gene_id "WBGene00196671"; gene_source "WormBase"; gene_biotype "ncRNA";	WBGene00196671	0	0	0	0	0	0	0	0	0.0	0	0	0	0	0	0	0	0	0	0	0	0	0	8994.0	149	0.0	N2-J2-3__split	WormBase	4343631	-	gene
10072507	10072507	0	False	False	300	0.0	0	0	0	0.0	0	0	0	0.0	0.0	0.0	0.0	0	0	0	0	0	0	0	0.0	0.0	0.0	0.0	0.0	0.0	0.0	0.0	0.0	0.0	0.0	0.0	0.0	0.0	0.0	0.0	0	0	0	0	0.0	0	0.0	10072207	10072207	0	DOG	X	.	.	10074391	protein_coding	gene_id "WBGene00013870"; gene_source "WormBase"; gene_biotype "protein_coding";	WBGene00013870	0	0	0	0	0	0	0	0	0.0	0	0	0	0	0	0	0	0	0	0	0	0	0	2724.0	1884	0.0	OK80-INP_split	WormBase	10072507	-	gene
4189939	4189939	0	False	False	300	0.0	0	0	0	0.0	0	['WBGene00019439']	0	0.0	0.0	0.0	0.0	0	0	0	0	0	['WBGene00019439']	0	0.0	0.0	0.0	0.0	0.0	0.0	0.0	0.0	0.0	0.0	0.0	0.0	0.0	0.0	0.0	0.0	0	0	0	0	0.0	0	0.0	4189639	4189639	0	DOG	IV	.	.	4192931	pseudogene	gene_id "WBGene00019441"; gene_source "WormBase"; gene_biotype "pseudogene";	WBGene00019441	0	0	0	0	0	0	0	0	0.0	0	0	0	0	0	0	0	0	0	0	0	0	0	3740.0	2992	0.0	OK80-INP_split	WormBase	4189939	-	gene
7630905	7630905	0	False	True	300	0.0	0	0	0	0.0	0	0	0	0.0	0.0	0.0	0.0	0	0	0	0	0	0	0	0.0	0.0	0.0	0.0	0.0	0.0	0.0	0.0	0.0	0.0	0.0	0.0	0.0	0.0	0.0	0.0	0	0	0	0	0.0	['WBGene00219915']	0.0	7630635	7630635	0	DOG	X	.	.	7637172	protein_coding	gene_id "WBGene00017814"; gene_source "WormBase"; gene_biotype "protein_coding";	WBGene00017814	0	0	0	0	['WBGene00202468']	0	0	0	0.0	0	0	0	0	0	0	0	0	0	0	0	0	0	270.0	6267	0.0	OK80-INP_split	WormBase	7630905	-	gene
10951879	10951879	0	False	False	300	0.0	0	0	0	0.0	['WBGene00001753']	0	0	0.0	0.0	0.0	0.0	0	0	0	0	['WBGene00001753']	0	0	0.0	0.0	0.0	0.0	0.0	0.0	0.0	0.0	0.0	0.0	0.0	0.0	0.0	0.0	0.0	0.0	0	0	0	0	0.0	0	0.0	10951579	10951579	0	DOG	II	.	.	10953165	protein_coding	gene_id "WBGene00003783"; gene_source "WormBase"; gene_biotype "protein_coding";	WBGene00003783	0	0	0	0	0	0	0	0	0.0	0	0	0	0	0	0	0	0	0	0	0	0	0	6219.0	1286	0.0	OK80-INP_split	WormBase	10951879	-	gene
13411366	13411366	0	False	False	300	0.0	0	0	['WBGene00200599']	0.0	['WBGene00009730']	0	0	0.0	0.0	0.0	0.0	0	0	['WBGene00200599']	0	['WBGene00009730']	0	0	0.0	0.0	0.0	0.0	0.0	0.0	0.0	0.0	0.0	0.0	0.0	0.0	0.0	0.0	0.0	0.0	0	0	0	0	0.0	0	0.0	13411066	13411066	0	DOG	III	.	.	13411437	tRNA	gene_id "WBGene00014376"; gene_source "WormBase"; gene_biotype "tRNA";	WBGene00014376	0	0	0	0	0	0	0	0	0.0	0	0	0	0	0	0	0	0	0	0	0	0	0	9593.0	71	0.0	OK80-INP_split	WormBase	13411366	-	gene
7156032	7156032	0	False	False	300	0.0	0	0	0	0.0	0	0	0	0.0	0.0	0.0	0.0	0	0	0	0	0	0	0	0.0	0.0	0.0	0.0	0.0	0.0	0.0	0.0	0.0	0.0	0.0	0.0	0.0	0.0	0.0	0.0	0	0	0	0	0.0	0	0.0	7155732	7155732	0	DOG	III	.	.	7158809	protein_coding	gene_id "WBGene00019401"; gene_source "WormBase"; gene_biotype "protein_coding";	WBGene00019401	0	0	0	0	0	0	0	0	0.0	0	0	0	0	0	0	0	0	0	0	0	0	0	2237.0	2777	0.0	OK80-INP_split	WormBase	7156032	-	gene
7079868	7079868	0	False	False	300	0.0	0	0	0	0.0	0	0	0	0.0	0.0	0.0	0.0	0	0	0	0	0	0	0	0.0	0.0	0.0	0.0	0.0	0.0	0.0	0.0	0.0	0.0	0.0	0.0	0.0	0.0	0.0	0.0	0	0	0	0	0.0	0	0.0	7079568	7079568	0	DOG	I	.	.	7081520	protein_coding	gene_id "WBGene00009050"; gene_source "WormBase"; gene_biotype "protein_coding";	WBGene00009050	0	0	0	0	0	0	0	0	0.0	0	0	0	0	0	0	0	0	0	0	0	0	0	302.0	1652	0.0	OK80-INP_split	WormBase	7079868	-	gene
13457687	13457687	0	False	False	300	0.0	0	0	0	0.0	0	0	0	0.0	0.0	0.0	0.0	0	0	0	0	0	0	0	0.0	0.0	0.0	0.0	0.0	0.0	0.0	0.0	0.0	0.0	0.0	0.0	0.0	0.0	0.0	0.0	0	0	0	0	0.0	0	0.0	13457387	13457387	0	DOG	III	.	.	13462238	protein_coding	gene_id "WBGene00012097"; gene_source "WormBase"; gene_biotype "protein_coding";	WBGene00012097	0	0	0	0	0	0	['WBGene00006509']	0	0.0	0	0	0	0	0	0	0	0	0	0	0	0	0	2380.0	4551	0.0	OK80-INP_split	WormBase	13457687	-	gene
6346960	6346960	0	False	False	300	0.0	0	0	0	0.0	0	0	0	0.0	0.0	0.0	0.0	0	0	0	0	0	0	0	0.0	0.0	0.0	0.0	0.0	0.0	0.0	0.0	0.0	0.0	0.0	0.0	0.0	0.0	0.0	0.0	0	0	0	0	0.0	0	0.0	6346660	6346660	0	DOG	II	.	.	6347719	protein_coding	gene_id "WBGene00002980"; gene_source "WormBase"; gene_biotype "protein_coding";	WBGene00002980	0	0	0	0	0	0	0	0	0.0	0	0	0	0	0	0	0	0	0	0	0	0	0	1035.0	759	0.0	OK80-INP_split	WormBase	6346960	-	gene
150363	150363	0	False	False	300	0.0	0	0	0	0.0	0	0	0	0.0	0.0	0.0	0.0	0	0	0	0	0	0	0	0.0	0.0	0.0	0.0	0.0	0.0	0.0	0.0	0.0	0.0	0.0	0.0	0.0	0.0	0.0	0.0	0	0	0	0	0.0	0	0.0	150063	150063	0	DOG	X	.	.	157246	pseudogene	gene_id "WBGene00022211"; gene_source "WormBase"; gene_biotype "pseudogene";	WBGene00022211	0	0	0	0	0	0	0	0	0.0	0	0	0	0	0	0	0	0	0	0	0	0	0	9680.0	6883	0.0	OK80-INP_split	WormBase	150363	-	gene
6622676	6622676	0	False	False	300	0.0	0	0	0	0.0	0	0	0	0.0	0.0	0.0	0.0	0	0	0	0	0	0	0	0.0	0.0	0.0	0.0	0.0	0.0	0.0	0.0	0.0	0.0	0.0	0.0	0.0	0.0	0.0	0.0	0	0	0	0	0.0	0	0.0	6622376	6622376	0	DOG	III	.	.	6624972	protein_coding	gene_id "WBGene00015734"; gene_source "WormBase"; gene_biotype "protein_coding";	WBGene00015734	0	0	0	0	0	0	0	0	0.0	0	0	0	0	0	0	0	0	0	0	0	0	0	14570.0	2296	0.0	OK80-INP_split	WormBase	6622676	-	gene
1651899	1651899	0	False	False	300	0.0	0	0	0	0.0	0	0	0	0.0	0.0	0.0	0.0	0	0	0	0	0	0	0	0.0	0.0	0.0	0.0	0.0	0.0	0.0	0.0	0.0	0.0	0.0	0.0	0.0	0.0	0.0	0.0	0	0	0	0	0.0	0	0.0	1651599	1651599	0	DOG	IV	.	.	1651954	ncRNA	gene_id "WBGene00220154"; gene_source "WormBase"; gene_biotype "ncRNA";	WBGene00220154	0	0	0	0	0	0	0	0	0.0	0	0	0	0	0	0	0	0	0	0	0	0	0	4958.0	55	0.0	OK80-INP_split	WormBase	1651899	-	gene
944795	944795	0	False	False	300	0.0	0	0	0	0.0	0	0	0	0.0	0.0	0.0	0.0	0	0	0	0	0	0	0	0.0	0.0	0.0	0.0	0.0	0.0	0.0	0.0	0.0	0.0	0.0	0.0	0.0	0.0	0.0	0.0	0	0	0	0	0.0	0	0.0	944495	944495	0	DOG	III	.	.	946298	protein_coding	gene_id "WBGene00020456"; gene_source "WormBase"; gene_biotype "protein_coding";	WBGene00020456	0	0	0	0	0	0	0	0	0.0	0	0	0	0	0	0	0	0	0	0	0	0	0	1326.0	1503	0.0	OK80-INP_split	WormBase	944795	-	gene
7679293	7679293	0	False	False	300	0.0	0	0	0	0.0	0	0	0	0.0	0.0	0.0	0.0	0	0	0	0	0	0	0	0.0	0.0	0.0	0.0	0.0	0.0	0.0	0.0	0.0	0.0	0.0	0.0	0.0	0.0	0.0	0.0	0	0	0	0	0.0	0	0.0	7678993	7678993	0	DOG	III	.	.	7682292	pseudogene	gene_id "WBGene00015989"; gene_source "WormBase"; gene_biotype "pseudogene";	WBGene00015989	0	0	0	0	0	0	0	0	0.0	0	0	0	0	0	0	0	0	0	0	0	0	0	18432.0	2999	0.0	OK80-INP_split	WormBase	7679293	-	gene
11929889	11929889	0	False	False	300	0.0	0	0	0	0.0	0	0	0	0.0	0.0	0.0	0.0	0	0	0	0	0	0	0	0.0	0.0	0.0	0.0	0.0	0.0	0.0	0.0	0.0	0.0	0.0	0.0	0.0	0.0	0.0	0.0	0	0	0	0	0.0	0	0.0	11929589	11929589	0	DOG	III	.	.	11933639	protein_coding	gene_id "WBGene00044233"; gene_source "WormBase"; gene_biotype "protein_coding";	WBGene00044233	0	0	0	0	0	0	0	0	0.0	0	0	0	0	0	0	0	0	0	0	0	0	0	9652.0	3750	0.0	OK80-INP_split	WormBase	11929889	-	gene
9532427	9532427	0	False	False	300	0.0	0	0	0	0.0	0	0	0	0.0	0.0	0.0	0.0	0	0	0	0	0	0	0	0.0	0.0	0.0	0.0	0.0	0.0	0.0	0.0	0.0	0.0	0.0	0.0	0.0	0.0	0.0	0.0	0	0	0	0	0.0	0	0.0	9532127	9532127	0	DOG	III	.	.	9538700	protein_coding	gene_id "WBGene00014220"; gene_source "WormBase"; gene_biotype "protein_coding";	WBGene00014220	0	0	0	0	0	0	0	0	0.0	0	0	0	0	0	0	0	0	0	0	0	0	0	8719.0	6273	0.0	OK80-INP_split	WormBase	9532427	-	gene
13493181	13493181	0	False	True	300	0.0	0	0	0	0.0	0	0	0	0.0	0.0	0.0	0.0	0	0	0	0	0	0	0	0.0	0.0	0.0	0.0	0.0	0.0	0.0	0.0	0.0	0.0	0.0	0.0	0.0	0.0	0.0	0.0	0	0	['WBGene00009739']	0	0.0	0	0.0	13493050	13493050	0	DOG	II	.	.	13494600	protein_coding	gene_id "WBGene00009740"; gene_source "WormBase"; gene_biotype "protein_coding";	WBGene00009740	0	0	0	0	0	0	0	0	0.0	0	0	0	0	0	0	0	0	0	0	0	0	0	131.0	1419	0.0	OK80-INP_split	WormBase	13493181	-	gene
11975190	11975190	0	False	False	300	0.0	0	0	0	0.0	0	0	0	0.0	0.0	0.0	0.0	0	0	0	0	0	0	0	0.0	0.0	0.0	0.0	0.0	0.0	0.0	0.0	0.0	0.0	0.0	0.0	0.0	0.0	0.0	0.0	0	0	0	0	0.0	0	0.0	11974890	11974890	0	DOG	II	.	.	11977659	protein_coding	gene_id "WBGene00012472"; gene_source "WormBase"; gene_biotype "protein_coding";	WBGene00012472	0	0	0	0	0	0	0	0	0.0	0	0	0	0	0	0	0	0	0	0	0	0	0	1458.0	2469	0.0	OK80-INP_split	WormBase	11975190	-	gene
13764030	13764030	0	False	False	300	0.0	0	0	0	0.0	0	0	0	0.0	0.0	0.0	0.0	0	0	0	0	0	0	0	0.0	0.0	0.0	0.0	0.0	0.0	0.0	0.0	0.0	0.0	0.0	0.0	0.0	0.0	0.0	0.0	0	0	0	0	0.0	0	0.0	13763730	13763730	0	DOG	III	.	.	13768092	protein_coding	gene_id "WBGene00010665"; gene_source "WormBase"; gene_biotype "protein_coding";	WBGene00010665	0	0	0	0	0	0	0	0	0.0	0	0	0	0	0	0	0	0	0	0	0	0	0	1961.0	4062	0.0	OK80-INP_split	WormBase	13764030	-	gene
13143373	13143373	0	False	False	300	0.0	0	0	0	0.0	0	0	0	0.0	0.0	0.0	0.0	0	0	0	0	0	0	0	0.0	0.0	0.0	0.0	0.0	0.0	0.0	0.0	0.0	0.0	0.0	0.0	0.0	0.0	0.0	0.0	0	0	0	0	0.0	0	0.0	13143073	13143073	0	DOG	III	.	.	13152858	protein_coding	gene_id "WBGene00012719"; gene_source "WormBase"; gene_biotype "protein_coding";	WBGene00012719	0	0	0	0	0	0	0	0	0.0	0	0	0	0	0	0	0	0	0	0	0	0	0	3759.0	9485	0.0	OK80-INP_split	WormBase	13143373	-	gene
4336541	4336541	0	False	False	300	0.0	0	0	0	0.0	0	0	0	0.0	0.0	0.0	0.0	0	0	0	0	0	0	0	0.0	0.0	0.0	0.0	0.0	0.0	0.0	0.0	0.0	0.0	0.0	0.0	0.0	0.0	0.0	0.0	0	0	0	0	0.0	0	0.0	4336241	4336241	0	DOG	X	.	.	4336683	ncRNA	gene_id "WBGene00195914"; gene_source "WormBase"; gene_biotype "ncRNA";	WBGene00195914	0	0	0	0	0	0	0	0	0.0	0	0	0	0	0	0	0	0	0	0	0	0	0	507.0	142	0.0	OK80-INP_split	WormBase	4336541	-	gene
2679497	2679497	0	False	False	300	0.0	0	0	0	0.0	0	0	0	0.0	0.0	0.0	0.0	0	0	0	0	0	0	0	0.0	0.0	0.0	0.0	0.0	0.0	0.0	0.0	0.0	0.0	0.0	0.0	0.0	0.0	0.0	0.0	0	0	0	0	0.0	0	0.0	2679197	2679197	0	DOG	IV	.	.	2679668	ncRNA	gene_id "WBGene00235348"; gene_source "WormBase"; gene_biotype "ncRNA";	WBGene00235348	0	0	0	0	0	0	0	0	0.0	0	0	0	0	0	0	0	0	0	0	0	0	0	875.0	171	0.0	OK8-J2-2_split	WormBase	2679497	-	gene
2049140	2049140	0	False	False	300	0.0	['WBGene00219749']	0	0	0.0	0	0	0	0.0	0.0	0.0	0.0	['WBGene00219749']	0	0	0	0	0	0	0.0	0.0	0.0	0.0	0.0	0.0	0.0	0.0	0.0	0.0	0.0	0.0	0.0	0.0	0.0	0.0	0	0	0	0	0.0	0	0.0	2048840	2048840	0	DOG	I	.	.	2050177	protein_coding	gene_id "WBGene00044435"; gene_source "WormBase"; gene_biotype "protein_coding";	WBGene00044435	0	0	0	0	0	0	0	0	0.0	0	0	0	0	0	0	0	0	0	0	0	0	0	5335.0	1037	0.0	OK8-J2-2_split	WormBase	2049140	-	gene
15269074	15269074	0	False	False	300	0.0	0	0	0	0.0	0	0	0	0.0	0.0	0.0	0.0	0	0	0	0	0	0	0	0.0	0.0	0.0	0.0	0.0	0.0	0.0	0.0	0.0	0.0	0.0	0.0	0.0	0.0	0.0	0.0	0	0	0	0	0.0	0	0.0	15268774	15268774	0	DOG	X	.	.	15281110	protein_coding	gene_id "WBGene00002203"; gene_source "WormBase"; gene_biotype "protein_coding";	WBGene00002203	0	0	0	0	['WBGene00199251', 'WBGene00200020', 'WBGene00201167']	0	0	0	0.0	0	0	0	0	0	0	['WBGene00195631', 'WBGene00196797', 'WBGene00202448']	0	0	0	0	0	0	2644.0	12036	0.0	N2-J2-3__split	WormBase	15269074	-	gene
13445819	13445819	0	False	False	300	0.0	0	0	0	0.0	0	0	0	0.0	0.0	0.0	0.0	0	0	0	0	0	0	0	0.0	0.0	0.0	0.0	0.0	0.0	0.0	0.0	0.0	0.0	0.0	0.0	0.0	0.0	0.0	0.0	0	0	0	0	0.0	0	0.0	13445519	13445519	0	DOG	IV	.	.	13454954	protein_coding	gene_id "WBGene00010713"; gene_source "WormBase"; gene_biotype "protein_coding";	WBGene00010713	0	0	0	0	0	0	0	0	0.0	0	0	0	0	0	0	0	0	0	0	0	0	0	444.0	9135	0.0	N2-J2-1__split	WormBase	13445819	-	gene
16493428	16493428	0	False	False	300	0.0	0	0	0	0.0	0	0	0	0.0	0.0	0.0	0.0	0	0	0	0	0	0	0	0.0	0.0	0.0	0.0	0.0	0.0	0.0	0.0	0.0	0.0	0.0	0.0	0.0	0.0	0.0	0.0	0	0	0	0	0.0	0	0.0	16493128	16493128	0	DOG	IV	.	.	16494510	protein_coding	gene_id "WBGene00013099"; gene_source "WormBase"; gene_biotype "protein_coding";	WBGene00013099	0	0	0	0	0	0	0	0	0.0	0	0	0	0	0	0	0	0	0	0	0	0	0	4407.0	1082	0.0	N2-J2-1__split	WormBase	16493428	-	gene
7854250	7854250	0	False	True	300	0.0	0	0	0	0.0	0	0	0	0.0	0.0	0.0	0.0	0	0	0	0	0	0	0	0.0	0.0	0.0	0.0	0.0	0.0	0.0	0.0	0.0	0.0	0.0	0.0	0.0	0.0	0.0	0.0	0	0	['WBGene00016501']	0	0.0	0	0.0	7853975	7853975	0	DOG	V	.	.	7854959	antisense	gene_id "WBGene00219659"; gene_source "WormBase"; gene_biotype "antisense";	WBGene00219659	0	0	0	0	0	0	0	0	0.0	0	0	0	0	0	0	0	0	0	0	0	0	0	275.0	709	0.0	N2WT_INP_split	WormBase	7854250	-	gene
2061667	2061667	0	False	False	300	0.0	0	0	0	0.0	0	0	0	0.0	0.0	0.0	0.0	0	0	0	0	0	0	0	0.0	0.0	0.0	0.0	0.0	0.0	0.0	0.0	0.0	0.0	0.0	0.0	0.0	0.0	0.0	0.0	0	0	0	0	0.0	0	0.0	2061367	2061367	0	DOG	I	.	.	2064077	protein_coding	gene_id "WBGene00021346"; gene_source "WormBase"; gene_biotype "protein_coding";	WBGene00021346	0	0	0	0	0	0	0	0	0.0	0	0	0	0	0	0	0	0	0	0	0	0	0	11490.0	2410	0.0	N2-J2-3__split	WormBase	2061667	-	gene
179786	179786	0	False	False	300	0.0	0	0	0	0.0	0	0	0	0.0	0.0	0.0	0.0	0	0	0	0	0	0	0	0.0	0.0	0.0	0.0	0.0	0.0	0.0	0.0	0.0	0.0	0.0	0.0	0.0	0.0	0.0	0.0	0	0	0	0	0.0	0	0.0	179486	179486	0	DOG	X	.	.	182169	protein_coding	gene_id "WBGene00011611"; gene_source "WormBase"; gene_biotype "protein_coding";	WBGene00011611	0	0	0	0	0	0	0	0	0.0	0	0	0	0	0	0	0	0	0	0	0	0	0	16652.0	2383	0.0	N2-J2-1__split	WormBase	179786	-	gene
9994731	9994731	0	False	True	300	0.0	0	0	0	0.0	0	0	0	0.0	0.0	0.0	0.0	0	0	0	0	0	0	0	0.0	0.0	0.0	0.0	0.0	0.0	0.0	0.0	0.0	0.0	0.0	0.0	0.0	0.0	0.0	0.0	0	0	0	0	0.0	['WBGene00220087']	0.0	9994475	9994475	0	DOG	I	.	.	9999928	protein_coding	gene_id "WBGene00000476"; gene_source "WormBase"; gene_biotype "protein_coding";	WBGene00000476	0	0	0	0	0	0	0	0	0.0	0	0	0	0	0	0	0	0	0	0	0	0	0	256.0	5197	0.0	N2-J2-2__split	WormBase	9994731	-	gene
828004	828004	0	False	False	300	0.0	0	0	0	0.0	0	0	0	0.0	0.0	0.0	0.0	0	0	0	0	0	0	0	0.0	0.0	0.0	0.0	0.0	0.0	0.0	0.0	0.0	0.0	0.0	0.0	0.0	0.0	0.0	0.0	0	0	0	0	0.0	0	0.0	827704	827704	0	DOG	IV	.	.	828129	ncRNA	gene_id "WBGene00220183"; gene_source "WormBase"; gene_biotype "ncRNA";	WBGene00220183	0	0	0	0	0	0	0	0	0.0	0	0	0	0	0	0	0	0	0	0	0	0	0	3050.0	125	0.0	N2-J2-1__split	WormBase	828004	-	gene
5352841	5352841	0	False	False	200	0.0	0	0	0	0.0	0	0	0	0.0	0.0	0.0	0.0	0	0	0	0	0	0	0	0.0	0.0	0.0	0.0	0.0	0.0	0.0	0.0	0.0	0.0	0.0	0.0	0.0	0.0	0.0	0.0	0	0	0	0	0.0	0	0.0	5352641	5352641	0	DOG	III	.	.	5353189	protein_coding	gene_id "WBGene00021317"; gene_source "WormBase"; gene_biotype "protein_coding";	WBGene00021317	0	0	0	0	0	0	0	0	0.0	0	0	0	0	0	0	0	0	0	0	0	0	0	3440.0	348	0.0	N2-J2-1__split	WormBase	5352841	-	gene
16646791	16646791	0	False	False	200	0.0	0	0	0	0.0	0	0	0	0.0	0.0	0.0	0.0	0	0	0	0	0	0	0	0.0	0.0	0.0	0.0	0.0	0.0	0.0	0.0	0.0	0.0	0.0	0.0	0.0	0.0	0.0	0.0	0	0	0	0	0.0	0	0.0	16646591	16646591	0	DOG	IV	.	.	16655883	protein_coding	gene_id "WBGene00013106"; gene_source "WormBase"; gene_biotype "protein_coding";	WBGene00013106	0	0	0	0	0	0	0	0	0.0	0	0	0	0	0	0	0	0	0	0	0	0	0	418.0	9092	0.0	N2-J2-1__split	WormBase	16646791	-	gene
8985092	8985092	0	False	False	200	0.0	0	0	0	0.0	0	0	0	0.0	0.0	0.0	0.0	0	0	0	0	0	0	0	0.0	0.0	0.0	0.0	0.0	0.0	0.0	0.0	0.0	0.0	0.0	0.0	0.0	0.0	0.0	0.0	0	0	0	0	0.0	0	0.0	8984892	8984892	0	DOG	III	.	.	8985191	ncRNA	gene_id "WBGene00199513"; gene_source "WormBase"; gene_biotype "ncRNA";	WBGene00199513	0	0	0	0	0	0	0	0	0.0	0	0	0	0	0	0	0	0	0	0	0	0	0	3195.0	99	0.0	OK8-J2-2_split	WormBase	8985092	-	gene
8891883	8891883	0	False	False	200	0.0	0	0	0	0.0	0	0	0	0.0	0.0	0.0	0.0	0	0	0	0	0	0	0	0.0	0.0	0.0	0.0	0.0	0.0	0.0	0.0	0.0	0.0	0.0	0.0	0.0	0.0	0.0	0.0	0	0	0	0	0.0	0	0.0	8891683	8891683	0	DOG	V	.	.	8892266	protein_coding	gene_id "WBGene00001895"; gene_source "WormBase"; gene_biotype "protein_coding";	WBGene00001895	0	0	0	0	0	0	0	0	0.0	0	0	0	0	0	0	0	0	0	0	0	0	0	2084.0	383	0.0	N2-J2-1__split	WormBase	8891883	-	gene
8849788	8849788	0	False	False	200	0.0	0	0	0	0.0	0	0	0	0.0	0.0	0.0	0.0	0	0	0	0	0	0	0	0.0	0.0	0.0	0.0	0.0	0.0	0.0	0.0	0.0	0.0	0.0	0.0	0.0	0.0	0.0	0.0	0	0	0	0	0.0	0	0.0	8849588	8849588	0	DOG	V	.	.	8850171	protein_coding	gene_id "WBGene00001925"; gene_source "WormBase"; gene_biotype "protein_coding";	WBGene00001925	0	0	0	0	0	0	0	0	0.0	0	0	0	0	0	0	0	0	0	0	0	0	0	2084.0	383	0.0	N2-J2-1__split	WormBase	8849788	-	gene
9009260	9009260	0	False	False	200	0.0	0	0	0	0.0	0	0	0	0.0	0.0	0.0	0.0	0	0	0	0	0	0	0	0.0	0.0	0.0	0.0	0.0	0.0	0.0	0.0	0.0	0.0	0.0	0.0	0.0	0.0	0.0	0.0	0	0	0	0	0.0	0	0.0	9009060	9009060	0	DOG	I	.	.	9013885	protein_coding	gene_id "WBGene00009477"; gene_source "WormBase"; gene_biotype "protein_coding";	WBGene00009477	0	0	0	0	0	0	0	0	0.0	0	0	0	0	0	0	0	0	0	0	0	0	0	552.0	4625	0.0	OK8-J2-2_split	WormBase	9009260	-	gene
1988246	1988246	0	False	False	200	0.0	0	0	0	0.0	0	0	0	0.0	0.0	0.0	0.0	0	0	0	0	0	0	0	0.0	0.0	0.0	0.0	0.0	0.0	0.0	0.0	0.0	0.0	0.0	0.0	0.0	0.0	0.0	0.0	0	0	0	0	0.0	0	0.0	1988046	1988046	0	DOG	I	.	.	2010525	protein_coding	gene_id "WBGene00021238"; gene_source "WormBase"; gene_biotype "protein_coding";	WBGene00021238	0	0	0	0	0	0	0	0	0.0	0	0	0	0	0	0	0	0	0	0	0	0	0	13255.0	22279	0.0	OK8-J2-2_split	WormBase	1988246	-	gene
1185248	1185248	0	False	False	200	0.0	0	0	0	0.0	0	0	0	0.0	0.0	0.0	0.0	0	0	0	0	0	0	0	0.0	0.0	0.0	0.0	0.0	0.0	0.0	0.0	0.0	0.0	0.0	0.0	0.0	0.0	0.0	0.0	0	0	0	0	0.0	0	0.0	1185048	1185048	0	DOG	III	.	.	1193812	protein_coding	gene_id "WBGene00022491"; gene_source "WormBase"; gene_biotype "protein_coding";	WBGene00022491	0	0	0	0	0	0	0	0	0.0	0	0	0	0	0	0	0	0	0	0	0	0	0	8695.0	8564	0.0	OK8-J2-2_split	WormBase	1185248	-	gene
11924785	11924785	0	False	False	200	0.0	0	0	0	0.0	0	0	0	0.0	0.0	0.0	0.0	0	0	0	0	0	0	0	0.0	0.0	0.0	0.0	0.0	0.0	0.0	0.0	0.0	0.0	0.0	0.0	0.0	0.0	0.0	0.0	0	0	0	0	0.0	0	0.0	11924585	11924585	0	DOG	I	.	.	11929511	protein_coding	gene_id "WBGene00006958"; gene_source "WormBase"; gene_biotype "protein_coding";	WBGene00006958	0	0	0	0	0	0	0	0	0.0	0	0	0	0	0	0	0	0	0	0	0	0	0	870.0	4726	0.0	OK8-J2-2_split	WormBase	11924785	-	gene
13408606	13408606	0	False	False	200	0.0	0	0	0	0.0	0	0	0	0.0	0.0	0.0	0.0	0	0	0	0	0	0	0	0.0	0.0	0.0	0.0	0.0	0.0	0.0	0.0	0.0	0.0	0.0	0.0	0.0	0.0	0.0	0.0	0	0	0	0	0.0	0	0.0	13408406	13408406	0	DOG	IV	.	.	13412895	protein_coding	gene_id "WBGene00013382"; gene_source "WormBase"; gene_biotype "protein_coding";	WBGene00013382	0	0	0	0	0	0	0	0	0.0	0	0	0	0	0	0	0	0	0	0	0	0	0	300.0	4289	0.0	OK8-J2-2_split	WormBase	13408606	-	gene
8584081	8584081	0	False	False	200	0.0	0	0	0	0.0	0	0	0	0.0	0.0	0.0	0.0	0	0	0	0	0	0	0	0.0	0.0	0.0	0.0	0.0	0.0	0.0	0.0	0.0	0.0	0.0	0.0	0.0	0.0	0.0	0.0	0	0	0	0	0.0	0	0.0	8583881	8583881	0	DOG	I	.	.	8587505	protein_coding	gene_id "WBGene00000904"; gene_source "WormBase"; gene_biotype "protein_coding";	WBGene00000904	0	0	0	0	0	0	0	0	0.0	0	0	0	0	0	0	0	0	0	0	0	0	0	3924.0	3424	0.0	N2-J2-1__split	WormBase	8584081	-	gene
2906542	2906542	0	False	False	200	0.0	0	0	0	0.0	0	0	0	0.0	0.0	0.0	0.0	0	0	0	0	0	0	0	0.0	0.0	0.0	0.0	0.0	0.0	0.0	0.0	0.0	0.0	0.0	0.0	0.0	0.0	0.0	0.0	0	0	0	0	0.0	0	0.0	2906342	2906342	0	DOG	II	.	.	2913575	protein_coding	gene_id "WBGene00006710"; gene_source "WormBase"; gene_biotype "protein_coding";	WBGene00006710	0	0	0	0	0	0	0	0	0.0	0	0	0	0	0	0	0	0	0	0	0	0	0	2541.0	7033	0.0	N2-J2-1__split	WormBase	2906542	-	gene
828891	828891	0	False	False	200	0.0	0	0	0	0.0	0	0	0	0.0	0.0	0.0	0.0	0	0	0	0	0	0	0	0.0	0.0	0.0	0.0	0.0	0.0	0.0	0.0	0.0	0.0	0.0	0.0	0.0	0.0	0.0	0.0	0	0	0	0	0.0	0	0.0	828691	828691	0	DOG	IV	.	.	828985	ncRNA	gene_id "WBGene00202216"; gene_source "WormBase"; gene_biotype "ncRNA";	WBGene00202216	0	0	0	0	0	0	0	0	0.0	0	0	0	0	0	0	0	0	0	0	0	0	0	762.0	94	0.0	N2-J2-1__split	WormBase	828891	-	gene
1003600	1003600	0	False	False	200	0.0	0	0	0	0.0	['WBGene00021923']	0	0	0.0	0.0	0.0	0.0	0	0	0	0	['WBGene00021923']	0	0	0.0	0.0	0.0	0.0	0.0	0.0	0.0	0.0	0.0	0.0	0.0	0.0	0.0	0.0	0.0	0.0	0	0	0	0	0.0	0	0.0	1003400	1003400	0	DOG	IV	.	.	1005864	protein_coding	gene_id "WBGene00021925"; gene_source "WormBase"; gene_biotype "protein_coding";	WBGene00021925	0	0	0	0	0	0	0	0	0.0	0	0	0	0	0	0	0	0	0	0	0	0	0	13079.0	2264	0.0	N2-J2-2__split	WormBase	1003600	-	gene
10788106	10788106	0	False	False	200	0.0	0	0	0	0.0	['WBGene00011072']	0	0	0.0	0.0	0.0	0.0	0	0	0	0	['WBGene00011072']	0	0	0.0	0.0	0.0	0.0	0.0	0.0	0.0	0.0	0.0	0.0	0.0	0.0	0.0	0.0	0.0	0.0	0	0	0	0	0.0	0	0.0	10787906	10787906	0	DOG	II	.	.	10793493	protein_coding	gene_id "WBGene00011067"; gene_source "WormBase"; gene_biotype "protein_coding";	WBGene00011067	0	0	0	0	0	0	0	0	0.0	0	0	0	0	0	0	0	0	0	0	0	0	0	4144.0	5387	0.0	OK8-J2-2_split	WormBase	10788106	-	gene
433659	433659	0	False	False	200	0.0	0	0	0	0.0	0	0	0	0.0	0.0	0.0	0.0	0	0	0	0	0	0	0	0.0	0.0	0.0	0.0	0.0	0.0	0.0	0.0	0.0	0.0	0.0	0.0	0.0	0.0	0.0	0.0	0	0	0	0	0.0	0	0.0	433459	433459	0	DOG	II	.	.	435406	pseudogene	gene_id "WBGene00044639"; gene_source "WormBase"; gene_biotype "pseudogene";	WBGene00044639	0	0	0	0	0	0	0	0	0.0	0	0	0	0	0	0	0	0	0	0	0	0	0	4507.0	1747	0.0	OK8-J2-2_split	WormBase	433659	-	gene
10574651	10574651	0	False	False	200	0.0	0	0	0	0.0	0	0	0	0.0	0.0	0.0	0.0	0	0	0	0	0	0	0	0.0	0.0	0.0	0.0	0.0	0.0	0.0	0.0	0.0	0.0	0.0	0.0	0.0	0.0	0.0	0.0	0	0	0	0	0.0	0	0.0	10574451	10574451	0	DOG	II	.	.	10574840	ncRNA	gene_id "WBGene00219803"; gene_source "WormBase"; gene_biotype "ncRNA";	WBGene00219803	0	0	0	0	0	0	0	0	0.0	0	0	0	0	0	0	0	0	0	0	0	0	0	4216.0	189	0.0	OK8-J2-2_split	WormBase	10574651	-	gene
2262128	2262128	0	False	False	200	0.0	0	0	0	0.0	0	0	0	0.0	0.0	0.0	0.0	0	0	0	0	0	0	0	0.0	0.0	0.0	0.0	0.0	0.0	0.0	0.0	0.0	0.0	0.0	0.0	0.0	0.0	0.0	0.0	0	0	0	0	0.0	0	0.0	2261928	2261928	0	DOG	II	.	.	2265768	protein_coding	gene_id "WBGene00019587"; gene_source "WormBase"; gene_biotype "protein_coding";	WBGene00019587	0	0	0	0	0	0	0	0	0.0	0	0	0	0	0	0	0	0	0	0	0	0	0	29658.0	3640	0.0	N2-J2-2__split	WormBase	2262128	-	gene
24683	24683	0	False	False	200	0.0	0	0	0	0.0	0	0	0	0.0	0.0	0.0	0.0	0	0	0	0	0	0	0	0.0	0.0	0.0	0.0	0.0	0.0	0.0	0.0	0.0	0.0	0.0	0.0	0.0	0.0	0.0	0.0	0	0	0	0	0.0	0	0.0	24483	24483	0	DOG	IV	.	.	26388	protein_coding	gene_id "WBGene00021409"; gene_source "WormBase"; gene_biotype "protein_coding";	WBGene00021409	0	0	0	0	0	0	0	0	0.0	0	0	0	0	0	0	0	0	0	0	0	0	0	3784.0	1705	0.0	N2-J2-2__split	WormBase	24683	-	gene
10493071	10493071	0	False	False	200	0.0	0	0	0	0.0	['WBGene00000419']	0	0	0.0	0.0	0.0	0.0	0	0	0	0	['WBGene00000419']	0	0	0.0	0.0	0.0	0.0	0.0	0.0	0.0	0.0	0.0	0.0	0.0	0.0	0.0	0.0	0.0	0.0	0	0	0	0	0.0	0	0.0	10492871	10492871	0	DOG	IV	.	.	10501599	protein_coding	gene_id "WBGene00006527"; gene_source "WormBase"; gene_biotype "protein_coding";	WBGene00006527	0	0	0	0	0	0	0	0	0.0	0	0	0	0	0	0	['WBGene00202419']	0	0	0	0	0	0	9416.0	8528	0.0	OK8-J2-2_split	WormBase	10493071	-	gene
2721879	2721879	0	False	False	200	0.0	0	0	0	0.0	0	0	0	0.0	0.0	0.0	0.0	0	0	0	0	0	0	0	0.0	0.0	0.0	0.0	0.0	0.0	0.0	0.0	0.0	0.0	0.0	0.0	0.0	0.0	0.0	0.0	0	0	0	0	0.0	0	0.0	2721679	2721679	0	DOG	I	.	.	2726724	protein_coding	gene_id "WBGene00022128"; gene_source "WormBase"; gene_biotype "protein_coding";	WBGene00022128	0	0	0	0	0	0	0	0	0.0	0	0	0	0	0	0	0	0	0	0	0	0	0	404.0	4845	0.0	OK8-J2-1_split	WormBase	2721879	-	gene
7233645	7233645	0	False	False	200	0.0	0	0	0	0.0	0	0	0	0.0	0.0	0.0	0.0	0	0	0	0	0	0	0	0.0	0.0	0.0	0.0	0.0	0.0	0.0	0.0	0.0	0.0	0.0	0.0	0.0	0.0	0.0	0.0	0	0	0	0	0.0	0	0.0	7233445	7233445	0	DOG	I	.	.	7234501	protein_coding	gene_id "WBGene00011062"; gene_source "WormBase"; gene_biotype "protein_coding";	WBGene00011062	0	0	0	0	0	0	0	0	0.0	0	0	0	0	0	0	0	0	0	0	0	0	0	524.0	856	0.0	OK8-J2-1_split	WormBase	7233645	-	gene
10521992	10521992	0	False	False	200	0.0	0	0	0	0.0	0	0	0	0.0	0.0	0.0	0.0	0	0	0	0	0	0	0	0.0	0.0	0.0	0.0	0.0	0.0	0.0	0.0	0.0	0.0	0.0	0.0	0.0	0.0	0.0	0.0	0	0	0	0	0.0	0	0.0	10521792	10521792	0	DOG	V	.	.	10525908	protein_coding	gene_id "WBGene00007952"; gene_source "WormBase"; gene_biotype "protein_coding";	WBGene00007952	0	0	0	0	0	0	0	0	0.0	0	0	0	0	0	0	0	0	0	0	0	0	0	2141.0	3916	0.0	N2-J2-1__split	WormBase	10521992	-	gene
10711724	10711724	0	False	True	200	0.0	0	0	0	0.0	0	0	0	0.0	0.0	0.0	0.0	0	0	0	0	0	0	0	0.0	0.0	0.0	0.0	0.0	0.0	0.0	0.0	0.0	0.0	0.0	0.0	0.0	0.0	0.0	0.0	0	0	['WBGene00012363']	0	0.0	0	0.0	10711527	10711527	0	DOG	III	.	.	10716191	protein_coding	gene_id "WBGene00012362"; gene_source "WormBase"; gene_biotype "protein_coding";	WBGene00012362	0	0	0	0	0	0	0	0	0.0	0	0	0	0	0	0	0	0	0	0	0	0	0	197.0	4467	0.0	OK8-J2-1_split	WormBase	10711724	-	gene
1050921	1050921	0	False	False	200	0.0	0	0	0	0.0	['WBGene00021331']	0	0	0.0	0.0	0.0	0.0	0	0	0	0	['WBGene00021331']	0	0	0.0	0.0	0.0	0.0	0.0	0.0	0.0	0.0	0.0	0.0	0.0	0.0	0.0	0.0	0.0	0.0	0	0	0	0	0.0	0	0.0	1050721	1050721	0	DOG	I	.	.	1053826	protein_coding	gene_id "WBGene00021333"; gene_source "WormBase"; gene_biotype "protein_coding";	WBGene00021333	0	0	0	0	0	0	0	0	0.0	0	0	0	0	0	0	0	0	0	0	0	0	0	17485.0	2905	0.0	N2-J2-1__split	WormBase	1050921	-	gene
6003575	6003575	0	False	False	200	0.0	0	0	0	0.0	0	0	0	0.0	0.0	0.0	0.0	0	0	0	0	0	0	0	0.0	0.0	0.0	0.0	0.0	0.0	0.0	0.0	0.0	0.0	0.0	0.0	0.0	0.0	0.0	0.0	0	0	0	0	0.0	0	0.0	6003375	6003375	0	DOG	V	.	.	6006746	antisense	gene_id "WBGene00219683"; gene_source "WormBase"; gene_biotype "antisense";	WBGene00219683	0	0	0	0	0	0	0	0	0.0	0	0	0	0	0	0	0	0	0	0	0	0	0	3083.0	3171	0.0	OK8-J2-2_split	WormBase	6003575	-	gene
7784498	7784498	0	False	False	200	0.0	0	0	0	0.0	0	['WBGene00077552']	0	0.0	0.0	0.0	0.0	0	0	0	0	0	['WBGene00077552']	0	0.0	0.0	0.0	0.0	0.0	0.0	0.0	0.0	0.0	0.0	0.0	0.0	0.0	0.0	0.0	0.0	0	0	0	0	0.0	0	0.0	7784298	7784298	0	DOG	I	.	.	7785624	protein_coding	gene_id "WBGene00008397"; gene_source "WormBase"; gene_biotype "protein_coding";	WBGene00008397	0	0	0	0	0	0	0	0	0.0	0	0	0	0	0	0	0	0	0	0	0	0	0	1950.0	1126	0.0	OK8-J2-1_split	WormBase	7784498	-	gene
10371077	10371077	0	False	False	200	0.0	0	0	0	0.0	0	0	0	0.0	0.0	0.0	0.0	0	0	0	0	0	0	0	0.0	0.0	0.0	0.0	0.0	0.0	0.0	0.0	0.0	0.0	0.0	0.0	0.0	0.0	0.0	0.0	0	0	0	0	0.0	0	0.0	10370877	10370877	0	DOG	X	.	.	10372664	protein_coding	gene_id "WBGene00044949"; gene_source "WormBase"; gene_biotype "protein_coding";	WBGene00044949	0	0	0	0	0	0	0	0	0.0	0	0	0	0	0	0	0	0	0	0	0	0	0	25899.0	1587	0.0	OK8-J2-2_split	WormBase	10371077	-	gene
8485876	8485876	0	False	True	200	0.0	0	0	0	0.0	0	0	0	0.0	0.0	0.0	0.0	0	0	0	0	0	0	0	0.0	0.0	0.0	0.0	0.0	0.0	0.0	0.0	0.0	0.0	0.0	0.0	0.0	0.0	0.0	0.0	0	0	['WBGene00008384']	0	0.0	0	0.0	8485694	8485694	0	DOG	I	.	.	8487043	protein_coding	gene_id "WBGene00008387"; gene_source "WormBase"; gene_biotype "protein_coding";	WBGene00008387	0	0	0	0	0	0	0	0	0.0	0	0	0	0	0	0	0	0	0	0	0	0	0	182.0	1167	0.0	OK8-J2-1_split	WormBase	8485876	-	gene
18070021	18070021	0	False	False	200	0.0	0	0	0	0.0	0	0	0	0.0	0.0	0.0	0.0	0	0	0	0	0	0	0	0.0	0.0	0.0	0.0	0.0	0.0	0.0	0.0	0.0	0.0	0.0	0.0	0.0	0.0	0.0	0.0	0	0	0	0	0.0	0	0.0	18069821	18069821	0	DOG	V	.	.	18081957	protein_coding	gene_id "WBGene00013347"; gene_source "WormBase"; gene_biotype "protein_coding";	WBGene00013347	0	0	0	0	['WBGene00199980', 'WBGene00200320', 'WBGene00201758']	0	0	0	0.0	0	0	0	0	0	0	['WBGene00200676']	0	0	0	0	0	0	3714.0	11936	0.0	OK8-J2-1_split	WormBase	18070021	-	gene
14720552	14720552	0	False	False	200	0.0	0	0	0	0.0	0	0	0	0.0	0.0	0.0	0.0	0	0	0	0	0	0	0	0.0	0.0	0.0	0.0	0.0	0.0	0.0	0.0	0.0	0.0	0.0	0.0	0.0	0.0	0.0	0.0	0	0	0	0	0.0	0	0.0	14720352	14720352	0	DOG	II	.	.	14733524	protein_coding	gene_id "WBGene00007480"; gene_source "WormBase"; gene_biotype "protein_coding";	WBGene00007480	0	0	0	0	['WBGene00195525']	0	0	0	0.0	0	0	0	0	0	0	0	0	0	0	0	0	0	2327.0	12972	0.0	N2WT_INP_split	WormBase	14720552	-	gene
9490028	9490028	0	False	False	200	0.0	0	0	0	0.0	0	0	0	0.0	0.0	0.0	0.0	0	0	0	0	0	0	0	0.0	0.0	0.0	0.0	0.0	0.0	0.0	0.0	0.0	0.0	0.0	0.0	0.0	0.0	0.0	0.0	0	0	0	0	0.0	0	0.0	9489828	9489828	0	DOG	V	.	.	9491715	protein_coding	gene_id "WBGene00010597"; gene_source "WormBase"; gene_biotype "protein_coding";	WBGene00010597	0	0	0	0	0	0	0	0	0.0	0	0	0	0	0	0	['WBGene00220007']	0	0	0	0	0	0	228.0	1687	0.0	N2WT_INP_split	WormBase	9490028	-	gene
20473022	20473022	0	False	False	200	0.0	0	0	0	0.0	0	0	0	0.0	0.0	0.0	0.0	0	0	0	0	0	0	0	0.0	0.0	0.0	0.0	0.0	0.0	0.0	0.0	0.0	0.0	0.0	0.0	0.0	0.0	0.0	0.0	0	0	0	0	0.0	0	0.0	20472822	20472822	0	DOG	V	.	.	20476061	protein_coding	gene_id "WBGene00007124"; gene_source "WormBase"; gene_biotype "protein_coding";	WBGene00007124	0	0	0	0	0	0	0	0	0.0	0	0	0	0	0	0	0	0	0	0	0	0	0	526.0	3039	0.0	N2WT_INP_split	WormBase	20473022	-	gene
15521488	15521488	0	False	False	200	0.0	0	0	0	0.0	0	0	0	0.0	0.0	0.0	0.0	0	0	0	0	0	0	0	0.0	0.0	0.0	0.0	0.0	0.0	0.0	0.0	0.0	0.0	0.0	0.0	0.0	0.0	0.0	0.0	0	0	0	0	0.0	0	0.0	15521288	15521288	0	DOG	IV	.	.	15522118	pseudogene	gene_id "WBGene00044632"; gene_source "WormBase"; gene_biotype "pseudogene";	WBGene00044632	0	0	0	0	0	0	0	0	0.0	0	0	0	0	0	0	0	0	0	0	0	0	0	230.0	630	0.0	N2WT_INP_split	WormBase	15521488	-	gene
9042180	9042180	0	False	False	200	0.0	0	0	0	0.0	0	0	0	0.0	0.0	0.0	0.0	0	0	0	0	0	0	0	0.0	0.0	0.0	0.0	0.0	0.0	0.0	0.0	0.0	0.0	0.0	0.0	0.0	0.0	0.0	0.0	0	0	0	0	0.0	0	0.0	9041980	9041980	0	DOG	II	.	.	9053824	protein_coding	gene_id "WBGene00011980"; gene_source "WormBase"; gene_biotype "protein_coding";	WBGene00011980	0	0	0	0	0	0	0	0	0.0	0	0	0	0	0	0	0	0	0	0	0	0	0	774.0	11644	0.0	N2WT_INP_split	WormBase	9042180	-	gene
13886369	13886369	0	False	False	200	0.0	0	0	0	0.0	0	0	0	0.0	0.0	0.0	0.0	0	0	0	0	0	0	0	0.0	0.0	0.0	0.0	0.0	0.0	0.0	0.0	0.0	0.0	0.0	0.0	0.0	0.0	0.0	0.0	0	0	0	0	0.0	0	0.0	13886169	13886169	0	DOG	X	.	.	13886441	pseudogene	gene_id "WBGene00014843"; gene_source "WormBase"; gene_biotype "pseudogene";	WBGene00014843	0	0	0	0	0	0	0	0	0.0	0	0	0	0	0	0	0	0	0	0	0	0	0	735.0	72	0.0	N2WT_INP_split	WormBase	13886369	-	gene
7035432	7035432	0	False	False	200	0.0	0	0	0	0.0	0	0	0	0.0	0.0	0.0	0.0	0	0	0	0	0	0	0	0.0	0.0	0.0	0.0	0.0	0.0	0.0	0.0	0.0	0.0	0.0	0.0	0.0	0.0	0.0	0.0	0	0	0	0	0.0	0	0.0	7035232	7035232	0	DOG	III	.	.	7045724	protein_coding	gene_id "WBGene00023414"; gene_source "WormBase"; gene_biotype "protein_coding";	WBGene00023414	0	0	0	0	0	0	0	0	0.0	0	0	0	0	0	0	0	0	0	0	0	0	0	1918.0	10292	0.0	N2WT_INP_split	WormBase	7035432	-	gene
8438061	8438061	0	False	False	200	0.0	0	0	0	0.0	0	0	0	0.0	0.0	0.0	0.0	0	0	0	0	0	0	0	0.0	0.0	0.0	0.0	0.0	0.0	0.0	0.0	0.0	0.0	0.0	0.0	0.0	0.0	0.0	0.0	0	0	0	0	0.0	0	0.0	8437861	8437861	0	DOG	III	.	.	8439412	protein_coding	gene_id "WBGene00004175"; gene_source "WormBase"; gene_biotype "protein_coding";	WBGene00004175	0	0	0	0	0	0	0	0	0.0	0	0	0	0	0	0	0	0	0	0	0	0	0	250.0	1351	0.0	N2WT_INP_split	WormBase	8438061	-	gene
13626522	13626522	0	False	False	200	0.0	0	0	0	0.0	0	0	0	0.0	0.0	0.0	0.0	0	0	0	0	0	0	0	0.0	0.0	0.0	0.0	0.0	0.0	0.0	0.0	0.0	0.0	0.0	0.0	0.0	0.0	0.0	0.0	0	0	0	0	0.0	0	0.0	13626322	13626322	0	DOG	I	.	.	13628447	protein_coding	gene_id "WBGene00012351"; gene_source "WormBase"; gene_biotype "protein_coding";	WBGene00012351	0	0	0	0	0	0	0	0	0.0	0	0	0	0	0	0	0	0	0	0	0	0	0	297.0	1925	0.0	N2WT_INP_split	WormBase	13626522	-	gene
5764800	5764800	0	False	False	200	0.0	0	0	0	0.0	0	0	0	0.0	0.0	0.0	0.0	0	0	0	0	0	0	0	0.0	0.0	0.0	0.0	0.0	0.0	0.0	0.0	0.0	0.0	0.0	0.0	0.0	0.0	0.0	0.0	0	0	0	0	0.0	0	0.0	5764600	5764600	0	DOG	IV	.	.	5764820	piRNA	gene_id "WBGene00169972"; gene_source "WormBase"; gene_biotype "piRNA";	WBGene00169972	0	0	0	0	0	0	0	0	0.0	0	0	0	0	0	0	0	0	0	0	0	0	0	1614.0	20	0.0	N2WT_INP_split	WormBase	5764800	-	gene
5766807	5766807	0	False	False	200	0.0	0	0	0	0.0	0	0	0	0.0	0.0	0.0	0.0	0	0	0	0	0	0	0	0.0	0.0	0.0	0.0	0.0	0.0	0.0	0.0	0.0	0.0	0.0	0.0	0.0	0.0	0.0	0.0	0	0	0	0	0.0	0	0.0	5766607	5766607	0	DOG	IV	.	.	5766827	piRNA	gene_id "WBGene00170275"; gene_source "WormBase"; gene_biotype "piRNA";	WBGene00170275	0	0	0	0	0	0	0	0	0.0	0	0	0	0	0	0	0	0	0	0	0	0	0	277.0	20	0.0	N2WT_INP_split	WormBase	5766807	-	gene
8393459	8393459	0	False	False	200	0.0	0	0	0	0.0	0	0	0	0.0	0.0	0.0	0.0	0	0	0	0	0	0	0	0.0	0.0	0.0	0.0	0.0	0.0	0.0	0.0	0.0	0.0	0.0	0.0	0.0	0.0	0.0	0.0	0	0	0	0	0.0	0	0.0	8393259	8393259	0	DOG	IV	.	.	8394201	pseudogene	gene_id "WBGene00235276"; gene_source "WormBase"; gene_biotype "pseudogene";	WBGene00235276	0	0	0	0	0	0	0	0	0.0	0	0	0	0	0	0	0	0	0	0	0	0	0	596.0	742	0.0	N2WT_INP_split	WormBase	8393459	-	gene
18259270	18259270	0	False	False	200	0.0	0	0	0	0.0	0	0	0	0.0	0.0	0.0	0.0	0	0	0	0	0	0	0	0.0	0.0	0.0	0.0	0.0	0.0	0.0	0.0	0.0	0.0	0.0	0.0	0.0	0.0	0.0	0.0	0	0	0	0	0.0	0	0.0	18259070	18259070	0	DOG	V	.	.	18266370	protein_coding	gene_id "WBGene00011212"; gene_source "WormBase"; gene_biotype "protein_coding";	WBGene00011212	0	0	0	0	0	0	0	0	0.0	0	0	0	0	0	0	0	0	0	0	0	0	0	6854.0	7100	0.0	OK80-INP_split	WormBase	18259270	-	gene
11146907	11146907	0	False	False	200	0.0	0	0	0	0.0	0	0	0	0.0	0.0	0.0	0.0	0	0	0	0	0	0	0	0.0	0.0	0.0	0.0	0.0	0.0	0.0	0.0	0.0	0.0	0.0	0.0	0.0	0.0	0.0	0.0	0	0	0	0	0.0	0	0.0	11146707	11146707	0	DOG	V	.	.	11147008	protein_coding	gene_id "WBGene00219420"; gene_source "WormBase"; gene_biotype "protein_coding";	WBGene00219420	0	0	0	0	0	0	0	0	0.0	0	0	0	0	0	0	0	0	0	0	0	0	0	2149.0	101	0.0	OK80-INP_split	WormBase	11146907	-	gene
9087293	9087293	0	False	False	200	0.0	0	0	0	0.0	0	0	0	0.0	0.0	0.0	0.0	0	0	0	0	0	0	0	0.0	0.0	0.0	0.0	0.0	0.0	0.0	0.0	0.0	0.0	0.0	0.0	0.0	0.0	0.0	0.0	0	0	0	0	0.0	0	0.0	9087093	9087093	0	DOG	V	.	.	9087782	protein_coding	gene_id "WBGene00002015"; gene_source "WormBase"; gene_biotype "protein_coding";	WBGene00002015	0	0	0	0	0	0	0	0	0.0	0	0	0	0	0	0	0	0	0	0	0	0	0	272.0	489	0.0	OK80-INP_split	WormBase	9087293	-	gene
9074784	9074784	0	False	False	200	0.0	0	0	0	0.0	0	0	0	0.0	0.0	0.0	0.0	0	0	0	0	0	0	0	0.0	0.0	0.0	0.0	0.0	0.0	0.0	0.0	0.0	0.0	0.0	0.0	0.0	0.0	0.0	0.0	0	0	0	0	0.0	0	0.0	9074584	9074584	0	DOG	V	.	.	9076322	protein_coding	gene_id "WBGene00020865"; gene_source "WormBase"; gene_biotype "protein_coding";	WBGene00020865	0	0	0	0	0	0	0	0	0.0	0	0	0	0	0	0	0	0	0	0	0	0	0	1256.0	1538	0.0	OK80-INP_split	WormBase	9074784	-	gene
5425185	5425185	0	False	False	200	0.0	0	0	0	0.0	0	0	0	0.0	0.0	0.0	0.0	0	0	0	0	0	0	0	0.0	0.0	0.0	0.0	0.0	0.0	0.0	0.0	0.0	0.0	0.0	0.0	0.0	0.0	0.0	0.0	0	0	0	0	0.0	0	0.0	5424985	5424985	0	DOG	V	.	.	5427031	lincRNA	gene_id "WBGene00219673"; gene_source "WormBase"; gene_biotype "lincRNA";	WBGene00219673	0	0	0	0	['WBGene00195684']	0	0	0	0.0	0	0	0	0	0	0	0	0	0	0	0	0	0	1697.0	1846	0.0	OK80-INP_split	WormBase	5425185	-	gene
4170120	4170120	0	False	False	200	0.0	0	0	0	0.0	0	0	0	0.0	0.0	0.0	0.0	0	0	0	0	0	0	0	0.0	0.0	0.0	0.0	0.0	0.0	0.0	0.0	0.0	0.0	0.0	0.0	0.0	0.0	0.0	0.0	0	0	0	0	0.0	0	0.0	4169920	4169920	0	DOG	V	.	.	4175640	protein_coding	gene_id "WBGene00021560"; gene_source "WormBase"; gene_biotype "protein_coding";	WBGene00021560	0	0	0	0	0	0	0	0	0.0	0	0	0	0	0	0	0	0	0	0	0	0	0	283.0	5520	0.0	OK80-INP_split	WormBase	4170120	-	gene
4696952	4696952	0	False	False	200	0.0	0	0	0	0.0	0	0	0	0.0	0.0	0.0	0.0	0	0	0	0	0	0	0	0.0	0.0	0.0	0.0	0.0	0.0	0.0	0.0	0.0	0.0	0.0	0.0	0.0	0.0	0.0	0.0	0	0	0	0	0.0	0	0.0	4696752	4696752	0	DOG	X	.	.	4699461	protein_coding	gene_id "WBGene00002044"; gene_source "WormBase"; gene_biotype "protein_coding";	WBGene00002044	0	0	0	0	0	0	0	0	0.0	0	0	0	0	0	0	0	0	0	0	0	0	0	3779.0	2509	0.0	OK80-INP_split	WormBase	4696952	-	gene
12216779	12216779	0	False	False	200	0.0	0	0	0	0.0	0	0	0	0.0	0.0	0.0	0.0	0	0	0	0	0	0	0	0.0	0.0	0.0	0.0	0.0	0.0	0.0	0.0	0.0	0.0	0.0	0.0	0.0	0.0	0.0	0.0	0	0	0	0	0.0	0	0.0	12216579	12216579	0	DOG	III	.	.	12218634	protein_coding	gene_id "WBGene00013550"; gene_source "WormBase"; gene_biotype "protein_coding";	WBGene00013550	0	0	0	0	0	0	0	0	0.0	0	0	0	0	0	0	0	0	0	0	0	0	0	1093.0	1855	0.0	N2-J2-3__split	WormBase	12216779	-	gene
10560018	10560018	0	False	False	200	0.0	0	0	0	0.0	0	0	0	0.0	0.0	0.0	0.0	0	0	0	0	0	0	0	0.0	0.0	0.0	0.0	0.0	0.0	0.0	0.0	0.0	0.0	0.0	0.0	0.0	0.0	0.0	0.0	0	0	0	0	0.0	0	0.0	10559818	10559818	0	DOG	II	.	.	10563407	protein_coding	gene_id "WBGene00007352"; gene_source "WormBase"; gene_biotype "protein_coding";	WBGene00007352	0	0	0	0	0	0	0	0	0.0	0	0	0	0	0	0	0	0	0	0	0	['WBGene00045148', 'WBGene00045152']	0	2374.0	3389	0.0	OK80-INP_split	WormBase	10560018	-	gene
14142949	14142949	0	False	False	200	0.0	0	0	0	0.0	0	0	0	0.0	0.0	0.0	0.0	0	0	0	0	0	0	0	0.0	0.0	0.0	0.0	0.0	0.0	0.0	0.0	0.0	0.0	0.0	0.0	0.0	0.0	0.0	0.0	0	0	0	0	0.0	0	0.0	14142749	14142749	0	DOG	II	.	.	14143874	protein_coding	gene_id "WBGene00012228"; gene_source "WormBase"; gene_biotype "protein_coding";	WBGene00012228	0	0	0	0	0	0	0	0	0.0	0	0	0	0	0	0	0	0	0	0	0	0	0	660.0	925	0.0	OK80-INP_split	WormBase	14142949	-	gene
11757106	11757106	0	False	False	200	0.0	0	0	['WBGene00219949']	0.0	0	0	0	0.0	0.0	0.0	0.0	0	0	['WBGene00219949']	0	0	0	0	0.0	0.0	0.0	0.0	0.0	0.0	0.0	0.0	0.0	0.0	0.0	0.0	0.0	0.0	0.0	0.0	0	0	0	0	0.0	0	0.0	11756906	11756906	0	DOG	II	.	.	11759323	protein_coding	gene_id "WBGene00009691"; gene_source "WormBase"; gene_biotype "protein_coding";	WBGene00009691	0	0	0	0	0	0	0	0	0.0	0	0	0	0	0	0	0	0	0	0	0	0	0	3627.0	2217	0.0	OK80-INP_split	WormBase	11757106	-	gene
10932741	10932741	0	False	False	200	0.0	0	0	0	0.0	0	0	0	0.0	0.0	0.0	0.0	0	0	0	0	0	0	0	0.0	0.0	0.0	0.0	0.0	0.0	0.0	0.0	0.0	0.0	0.0	0.0	0.0	0.0	0.0	0.0	0	0	0	0	0.0	0	0.0	10932541	10932541	0	DOG	II	.	.	10935140	protein_coding	gene_id "WBGene00010989"; gene_source "WormBase"; gene_biotype "protein_coding";	WBGene00010989	0	0	0	0	0	0	0	0	0.0	0	0	0	0	0	0	0	0	0	0	0	0	0	9767.0	2399	0.0	OK80-INP_split	WormBase	10932741	-	gene
4659713	4659713	0	False	False	200	0.0	0	0	0	0.0	0	0	0	0.0	0.0	0.0	0.0	0	0	0	0	0	0	0	0.0	0.0	0.0	0.0	0.0	0.0	0.0	0.0	0.0	0.0	0.0	0.0	0.0	0.0	0.0	0.0	0	0	0	0	0.0	0	0.0	4659513	4659513	0	DOG	II	.	.	4661378	protein_coding	gene_id "WBGene00271415"; gene_source "WormBase"; gene_biotype "protein_coding";	WBGene00271415	0	0	0	0	0	0	0	0	0.0	0	0	0	0	0	0	0	0	0	0	0	0	0	3779.0	1665	0.0	OK80-INP_split	WormBase	4659713	-	gene
3306380	3306380	0	False	False	200	0.0	0	['WBGene00003354']	['WBGene00249812', 'WBGene00195028', 'WBGene00195027']	0.0	0	0	0	0.0	0.0	0.0	0.0	0	['WBGene00003354']	['WBGene00249812', 'WBGene00195028', 'WBGene00195027']	0	0	0	0	0.0	0.0	0.0	0.0	0.0	0.0	0.0	0.0	0.0	0.0	0.0	0.0	0.0	0.0	0.0	0.0	0	0	0	0	0.0	0	0.0	3306180	3306180	0	DOG	II	.	.	3306890	pseudogene	gene_id "WBGene00018199"; gene_source "WormBase"; gene_biotype "pseudogene";	WBGene00018199	0	0	0	0	['WBGene00195026']	0	0	0	0.0	0	0	0	0	0	0	0	0	0	0	0	0	0	2630.0	510	0.0	OK80-INP_split	WormBase	3306380	-	gene
341982	341982	0	False	False	200	0.0	0	0	0	0.0	['WBGene00017036']	0	0	0.0	0.0	0.0	0.0	0	0	0	0	['WBGene00017036']	0	0	0.0	0.0	0.0	0.0	0.0	0.0	0.0	0.0	0.0	0.0	0.0	0.0	0.0	0.0	0.0	0.0	0	0	0	0	0.0	0	0.0	341782	341782	0	DOG	II	.	.	347891	protein_coding	gene_id "WBGene00017037"; gene_source "WormBase"; gene_biotype "protein_coding";	WBGene00017037	0	0	0	0	0	0	0	0	0.0	0	0	0	0	0	0	0	0	0	0	0	0	0	9469.0	5909	0.0	OK80-INP_split	WormBase	341982	-	gene
16839711	16839711	0	False	False	200	0.0	0	0	0	0.0	0	0	0	0.0	0.0	0.0	0.0	0	0	0	0	0	0	0	0.0	0.0	0.0	0.0	0.0	0.0	0.0	0.0	0.0	0.0	0.0	0.0	0.0	0.0	0.0	0.0	0	0	0	0	0.0	0	0.0	16839511	16839511	0	DOG	IV	.	.	16839731	piRNA	gene_id "WBGene00168188"; gene_source "WormBase"; gene_biotype "piRNA";	WBGene00168188	0	0	0	0	0	0	0	0	0.0	0	0	0	0	0	0	0	0	0	0	0	0	0	316.0	20	0.0	OK80-INP_split	WormBase	16839711	-	gene
11027593	11027593	0	True	False	200	0.0	0	0	0	0.0	0	0	0	0.0	0.0	0.0	0.0	0	0	0	0	0	0	0	0.0	0.0	0.0	0.0	0.0	0.0	0.0	0.0	0.0	0.0	0.0	0.0	0.0	0.0	0.0	0.0	0	0	0	0	0.0	0	0.0	11027393	11027393	0	DOG	IV	.	.	11027691	miRNA	gene_id "WBGene00003281"; gene_source "WormBase"; gene_biotype "miRNA";	WBGene00003281	0	0	0	0	0	0	0	0	0.0	0	0	0	0	0	0	0	0	0	0	0	0	0	1374.0	98	0.0	OK80-INP_split	WormBase	11027593	-	gene
10629431	10629431	0	False	False	200	0.0	0	0	0	0.0	0	0	0	0.0	0.0	0.0	0.0	0	0	0	0	0	0	0	0.0	0.0	0.0	0.0	0.0	0.0	0.0	0.0	0.0	0.0	0.0	0.0	0.0	0.0	0.0	0.0	0	0	0	0	0.0	0	0.0	10629231	10629231	0	DOG	IV	.	.	10631245	protein_coding	gene_id "WBGene00044977"; gene_source "WormBase"; gene_biotype "protein_coding";	WBGene00044977	0	0	0	0	0	0	0	0	0.0	0	0	0	0	0	0	0	0	0	0	0	0	0	570.0	1814	0.0	OK80-INP_split	WormBase	10629431	-	gene
9995472	9995472	0	False	False	200	0.0	0	0	0	0.0	0	0	0	0.0	0.0	0.0	0.0	0	0	0	0	0	0	0	0.0	0.0	0.0	0.0	0.0	0.0	0.0	0.0	0.0	0.0	0.0	0.0	0.0	0.0	0.0	0.0	0	0	0	0	0.0	0	0.0	9995272	9995272	0	DOG	IV	.	.	9999032	protein_coding	gene_id "WBGene00008149"; gene_source "WormBase"; gene_biotype "protein_coding";	WBGene00008149	0	0	0	0	0	0	0	0	0.0	0	0	0	0	0	0	0	0	0	0	0	0	0	438.0	3560	0.0	OK80-INP_split	WormBase	9995472	-	gene
9774563	9774563	0	False	False	200	0.0	0	0	0	0.0	0	0	0	0.0	0.0	0.0	0.0	0	0	0	0	0	0	0	0.0	0.0	0.0	0.0	0.0	0.0	0.0	0.0	0.0	0.0	0.0	0.0	0.0	0.0	0.0	0.0	0	0	0	0	0.0	0	0.0	9774363	9774363	0	DOG	IV	.	.	9777634	protein_coding	gene_id "WBGene00011747"; gene_source "WormBase"; gene_biotype "protein_coding";	WBGene00011747	0	0	0	0	0	0	0	0	0.0	0	0	0	0	0	0	0	0	0	0	0	0	0	7376.0	3071	0.0	OK80-INP_split	WormBase	9774563	-	gene
7551550	7551550	0	False	False	200	0.0	0	0	0	0.0	['WBGene00018636']	0	0	0.0	0.0	0.0	0.0	0	0	0	0	['WBGene00018636']	0	0	0.0	0.0	0.0	0.0	0.0	0.0	0.0	0.0	0.0	0.0	0.0	0.0	0.0	0.0	0.0	0.0	0	0	0	0	0.0	0	0.0	7551350	7551350	0	DOG	IV	.	.	7553008	protein_coding	gene_id "WBGene00000996"; gene_source "WormBase"; gene_biotype "protein_coding";	WBGene00000996	0	0	0	0	0	0	0	0	0.0	0	0	0	0	0	0	0	0	0	0	0	0	0	738.0	1458	0.0	OK80-INP_split	WormBase	7551550	-	gene
17262885	17262885	0	False	False	200	0.0	0	0	0	0.0	0	0	0	0.0	0.0	0.0	0.0	0	0	0	0	0	0	0	0.0	0.0	0.0	0.0	0.0	0.0	0.0	0.0	0.0	0.0	0.0	0.0	0.0	0.0	0.0	0.0	0	0	0	0	0.0	0	0.0	17262685	17262685	0	DOG	IV	.	.	17262905	piRNA	gene_id "WBGene00174712"; gene_source "WormBase"; gene_biotype "piRNA";	WBGene00174712	0	0	0	0	0	0	0	0	0.0	0	0	0	0	0	0	0	0	0	0	0	0	0	351.0	20	0.0	OK80-INP_split	WormBase	17262885	-	gene
13806917	13806917	0	False	True	200	0.0	0	0	0	0.0	0	0	0	0.0	0.0	0.0	0.0	0	0	0	0	0	0	0	0.0	0.0	0.0	0.0	0.0	0.0	0.0	0.0	0.0	0.0	0.0	0.0	0.0	0.0	0.0	0.0	0	0	['WBGene00044065']	0	0.0	0	0.0	13806801	13806801	0	DOG	I	.	.	13812268	protein_coding	gene_id "WBGene00012366"; gene_source "WormBase"; gene_biotype "protein_coding";	WBGene00012366	0	0	0	0	0	0	0	0	0.0	0	0	0	0	0	0	0	0	0	0	0	0	0	116.0	5351	0.0	OK80-INP_split	WormBase	13806917	-	gene
13370685	13370685	0	False	False	200	0.0	0	0	0	0.0	0	0	0	0.0	0.0	0.0	0.0	0	0	0	0	0	0	0	0.0	0.0	0.0	0.0	0.0	0.0	0.0	0.0	0.0	0.0	0.0	0.0	0.0	0.0	0.0	0.0	0	0	0	0	0.0	0	0.0	13370485	13370485	0	DOG	I	.	.	13370819	snoRNA	gene_id "WBGene00220147"; gene_source "WormBase"; gene_biotype "snoRNA";	WBGene00220147	0	0	0	0	0	0	0	0	0.0	0	0	0	0	0	0	0	0	0	0	0	0	0	605.0	134	0.0	OK80-INP_split	WormBase	13370685	-	gene
318390	318390	0	False	True	200	0.0	0	0	0	0.0	0	0	0	0.0	0.0	0.0	0.0	0	0	0	0	0	0	0	0.0	0.0	0.0	0.0	0.0	0.0	0.0	0.0	0.0	0.0	0.0	0.0	0.0	0.0	0.0	0.0	0	0	0	['WBGene00235385']	0.0	0	0.0	318258	318258	0	DOG	I	.	.	323352	protein_coding	gene_id "WBGene00002079"; gene_source "WormBase"; gene_biotype "protein_coding";	WBGene00002079	0	0	0	0	0	0	0	0	0.0	0	0	0	0	0	0	0	0	0	0	0	0	0	132.0	4962	0.0	N2-J2-3__split	WormBase	318390	-	gene
5453364	5453364	0	False	False	200	0.0	0	0	0	0.0	0	0	0	0.0	0.0	0.0	0.0	0	0	0	0	0	0	0	0.0	0.0	0.0	0.0	0.0	0.0	0.0	0.0	0.0	0.0	0.0	0.0	0.0	0.0	0.0	0.0	0	0	0	0	0.0	0	0.0	5453164	5453164	0	DOG	I	.	.	5453478	ncRNA	gene_id "WBGene00219918"; gene_source "WormBase"; gene_biotype "ncRNA";	WBGene00219918	0	0	0	0	0	0	0	0	0.0	0	0	0	0	0	0	0	0	0	0	0	0	0	6509.0	114	0.0	OK80-INP_split	WormBase	5453364	-	gene
5110075	5110075	0	False	False	200	0.0	0	0	0	0.0	['WBGene00000001']	0	0	0.0	0.0	0.0	0.0	0	0	0	0	['WBGene00000001']	0	0	0.0	0.0	0.0	0.0	0.0	0.0	0.0	0.0	0.0	0.0	0.0	0.0	0.0	0.0	0.0	0.0	0	0	0	0	0.0	0	0.0	5109875	5109875	0	DOG	I	.	.	5111154	protein_coding	gene_id "WBGene00045212"; gene_source "WormBase"; gene_biotype "protein_coding";	WBGene00045212	0	0	0	0	0	0	0	0	0.0	0	0	0	0	0	0	0	0	0	0	0	0	0	3871.0	1079	0.0	OK80-INP_split	WormBase	5110075	-	gene
14485624	14485624	0	False	False	200	0.0	0	0	0	0.0	0	0	0	0.0	0.0	0.0	0.0	0	0	0	0	0	0	0	0.0	0.0	0.0	0.0	0.0	0.0	0.0	0.0	0.0	0.0	0.0	0.0	0.0	0.0	0.0	0.0	0	0	0	0	0.0	0	0.0	14485424	14485424	0	DOG	II	.	.	14488688	protein_coding	gene_id "WBGene00006856"; gene_source "WormBase"; gene_biotype "protein_coding";	WBGene00006856	0	0	0	0	0	0	0	0	0.0	0	0	0	0	0	0	0	0	0	0	0	0	0	2111.0	3064	0.0	OK80-INP_split	WormBase	14485624	-	gene
6728155	6728155	0	False	False	200	0.0	0	0	0	0.0	['WBGene00022420']	0	0	0.0	0.0	0.0	0.0	0	0	0	0	['WBGene00022420']	0	0	0.0	0.0	0.0	0.0	0.0	0.0	0.0	0.0	0.0	0.0	0.0	0.0	0.0	0.0	0.0	0.0	0	0	0	0	0.0	0	0.0	6727955	6727955	0	DOG	III	.	.	6730170	protein_coding	gene_id "WBGene00044452"; gene_source "WormBase"; gene_biotype "protein_coding";	WBGene00044452	0	0	0	0	0	0	0	0	0.0	0	0	0	0	0	0	0	0	0	0	0	0	0	1079.0	2015	0.0	OK80-INP_split	WormBase	6728155	-	gene
6124184	6124184	0	False	False	200	0.0	0	0	0	0.0	['WBGene00002201']	0	0	0.0	0.0	0.0	0.0	0	0	0	0	['WBGene00002201']	0	0	0.0	0.0	0.0	0.0	0.0	0.0	0.0	0.0	0.0	0.0	0.0	0.0	0.0	0.0	0.0	0.0	0	0	0	0	0.0	0	0.0	6123984	6123984	0	DOG	III	.	.	6136276	protein_coding	gene_id "WBGene00021534"; gene_source "WormBase"; gene_biotype "protein_coding";	WBGene00021534	0	0	0	0	0	0	0	0	0.0	0	0	0	0	0	0	0	0	0	0	0	0	0	7853.0	12092	0.0	OK80-INP_split	WormBase	6124184	-	gene
5567786	5567786	0	False	False	200	0.0	0	0	0	0.0	0	0	0	0.0	0.0	0.0	0.0	0	0	0	0	0	0	0	0.0	0.0	0.0	0.0	0.0	0.0	0.0	0.0	0.0	0.0	0.0	0.0	0.0	0.0	0.0	0.0	0	0	0	0	0.0	0	0.0	5567586	5567586	0	DOG	II	.	.	5568396	protein_coding	gene_id "WBGene00015895"; gene_source "WormBase"; gene_biotype "protein_coding";	WBGene00015895	0	0	0	0	0	0	0	0	0.0	0	0	0	0	0	0	0	0	0	0	0	0	0	8174.0	610	0.0	N2-J2-2__split	WormBase	5567786	-	gene
8484761	8484761	0	False	False	200	0.0	0	0	0	0.0	0	0	0	0.0	0.0	0.0	0.0	0	0	0	0	0	0	0	0.0	0.0	0.0	0.0	0.0	0.0	0.0	0.0	0.0	0.0	0.0	0.0	0.0	0.0	0.0	0.0	0	0	0	0	0.0	0	0.0	8484561	8484561	0	DOG	V	.	.	8484823	ncRNA	gene_id "WBGene00220084"; gene_source "WormBase"; gene_biotype "ncRNA";	WBGene00220084	0	0	0	0	0	0	0	0	0.0	0	0	0	0	0	0	0	0	0	0	0	0	0	13517.0	62	0.0	N2-J2-2__split	WormBase	8484761	-	gene
